rank_date,date_id,country,country_code,rank,previous_rank,rank_change,total_points,previous_points,confederation,source_url
2025-04-03,football_ranking_2025-04-03,Argentina,ARG,1,1,0,1886.16,1867.0,,https://football-ranking.com/ranks?period=03+April+2025
2025-04-03,football_ranking_2025-04-03,France,FRA,2,2,0,1868.74,1860.0,,https://football-ranking.com/ranks?period=03+April+2025
2025-04-03,football_ranking_2025-04-03,Spain,ESP,3,3,0,1857.08,1853.0,,https://football-ranking.com/ranks?period=03+April+2025
2025-04-03,football_ranking_2025-04-03,England,ENG,4,4,0,1819.2,1814.0,,https://football-ranking.com/ranks?period=03+April+2025
2025-04-03,football_ranking_2025-04-03,Brazil,BRA,5,5,0,1776.04,1776.0,,https://football-ranking.com/ranks?period=03+April+2025
2025-04-03,football_ranking_2025-04-03,Portugal,POR,6,6,0,1765.59,1756.0,,https://football-ranking.com/ranks?period=03+April+2025
2025-04-03,football_ranking_2025-04-03,Netherlands,NED,7,7,0,1752.5,1748.0,,https://football-ranking.com/ranks?period=03+April+2025
2025-04-03,football_ranking_2025-04-03,Belgium,BEL,8,8,0,1735.75,1741.0,,https://football-ranking.com/ranks?period=03+April+2025
2025-04-03,football_ranking_2025-04-03,Italy,ITA,9,9,0,1731.51,1732.0,,https://football-ranking.com/ranks?period=03+April+2025
2025-04-03,football_ranking_2025-04-03,Germany,GER,10,10,0,1717.3,1704.0,,https://football-ranking.com/ranks?period=03+April+2025
2025-04-03,football_ranking_2025-04-03,Croatia,CRO,11,13,2,1707.99,1692.0,,https://football-ranking.com/ranks?period=03+April+2025
2025-04-03,football_ranking_2025-04-03,Morocco,MAR,12,14,2,1694.2,1688.0,,https://football-ranking.com/ranks?period=03+April+2025
2025-04-03,football_ranking_2025-04-03,Uruguay,URU,13,11,-2,1679.49,1696.0,,https://football-ranking.com/ranks?period=03+April+2025
2025-04-03,football_ranking_2025-04-03,Colombia,COL,14,12,-2,1679.04,1694.0,,https://football-ranking.com/ranks?period=03+April+2025
2025-04-03,football_ranking_2025-04-03,Japan,JPN,15,15,0,1652.63,1653.0,,https://football-ranking.com/ranks?period=03+April+2025
2025-04-03,football_ranking_2025-04-03,Mexico,MEX,16,19,3,1646.95,1627.0,,https://football-ranking.com/ranks?period=03+April+2025
2025-04-03,football_ranking_2025-04-03,IR Iran,IRN,17,18,1,1637.39,1635.0,,https://football-ranking.com/ranks?period=03+April+2025
2025-04-03,football_ranking_2025-04-03,Senegal,SEN,18,17,-1,1630.33,1637.0,,https://football-ranking.com/ranks?period=03+April+2025
2025-04-03,football_ranking_2025-04-03,Denmark,DEN,19,21,2,1627.37,1611.0,,https://football-ranking.com/ranks?period=03+April+2025
2025-04-03,football_ranking_2025-04-03,Switzerland,SUI,20,20,0,1623.75,1625.0,,https://football-ranking.com/ranks?period=03+April+2025
2025-04-03,football_ranking_2025-04-03,USA,USA,21,16,-5,1617.39,1645.0,,https://football-ranking.com/ranks?period=03+April+2025
2025-04-03,football_ranking_2025-04-03,Austria,AUT,22,22,0,1580.21,1590.0,,https://football-ranking.com/ranks?period=03+April+2025
2025-04-03,football_ranking_2025-04-03,Korea Republic,KOR,23,23,0,1574.9,1585.0,,https://football-ranking.com/ranks?period=03+April+2025
2025-04-03,football_ranking_2025-04-03,Ecuador,ECU,24,24,0,1567.95,1560.0,,https://football-ranking.com/ranks?period=03+April+2025
2025-04-03,football_ranking_2025-04-03,Ukraine,UKR,25,25,0,1559.81,1555.0,,https://football-ranking.com/ranks?period=03+April+2025
2025-04-03,football_ranking_2025-04-03,Australia,AUS,26,26,0,1554.59,1544.0,,https://football-ranking.com/ranks?period=03+April+2025
2025-04-03,football_ranking_2025-04-03,Türkiye,TUR,27,28,1,1551.47,1537.0,,https://football-ranking.com/ranks?period=03+April+2025
2025-04-03,football_ranking_2025-04-03,Wales,WAL,28,29,1,1535.66,1534.0,,https://football-ranking.com/ranks?period=03+April+2025
2025-04-03,football_ranking_2025-04-03,Sweden,SWE,29,27,-2,1534.38,1540.0,,https://football-ranking.com/ranks?period=03+April+2025
2025-04-03,football_ranking_2025-04-03,Serbia,SRB,30,32,2,1523.91,1514.0,,https://football-ranking.com/ranks?period=03+April+2025
2025-04-03,football_ranking_2025-04-03,Canada,CAN,31,31,0,1521.58,1516.0,,https://football-ranking.com/ranks?period=03+April+2025
2025-04-03,football_ranking_2025-04-03,Egypt,EGY,32,33,1,1518.78,1513.0,,https://football-ranking.com/ranks?period=03+April+2025
2025-04-03,football_ranking_2025-04-03,Poland,POL,33,35,2,1517.35,1511.0,,https://football-ranking.com/ranks?period=03+April+2025
2025-04-03,football_ranking_2025-04-03,Russia,RUS,34,34,0,1512.32,1512.0,,https://football-ranking.com/ranks?period=03+April+2025
2025-04-03,football_ranking_2025-04-03,Panama,PAN,35,36,1,1507.98,1504.0,,https://football-ranking.com/ranks?period=03+April+2025
2025-04-03,football_ranking_2025-04-03,Algeria,ALG,36,37,1,1507.09,1496.0,,https://football-ranking.com/ranks?period=03+April+2025
2025-04-03,football_ranking_2025-04-03,Hungary,HUN,37,30,-7,1503.34,1518.0,,https://football-ranking.com/ranks?period=03+April+2025
2025-04-03,football_ranking_2025-04-03,Norway,NOR,38,43,5,1497.18,1484.0,,https://football-ranking.com/ranks?period=03+April+2025
2025-04-03,football_ranking_2025-04-03,Czechia,CZE,39,42,3,1491.43,1485.0,,https://football-ranking.com/ranks?period=03+April+2025
2025-04-03,football_ranking_2025-04-03,Greece,GRE,40,39,-1,1489.82,1490.0,,https://football-ranking.com/ranks?period=03+April+2025
2025-04-03,football_ranking_2025-04-03,Côte d'Ivoire,CIV,41,46,5,1487.25,1478.0,,https://football-ranking.com/ranks?period=03+April+2025
2025-04-03,football_ranking_2025-04-03,Peru,PER,42,40,-2,1483.47,1488.0,,https://football-ranking.com/ranks?period=03+April+2025
2025-04-03,football_ranking_2025-04-03,Nigeria,NGA,43,44,1,1481.34,1482.0,,https://football-ranking.com/ranks?period=03+April+2025
2025-04-03,football_ranking_2025-04-03,Scotland,SCO,44,45,1,1480.3,1480.0,,https://football-ranking.com/ranks?period=03+April+2025
2025-04-03,football_ranking_2025-04-03,Romania,ROU,45,38,-7,1479.22,1494.0,,https://football-ranking.com/ranks?period=03+April+2025
2025-04-03,football_ranking_2025-04-03,Slovakia,SVK,46,41,-5,1477.79,1486.0,,https://football-ranking.com/ranks?period=03+April+2025
2025-04-03,football_ranking_2025-04-03,Venezuela,VEN,47,47,0,1476.84,1476.0,,https://football-ranking.com/ranks?period=03+April+2025
2025-04-03,football_ranking_2025-04-03,Paraguay,PAR,48,53,5,1475.93,1458.0,,https://football-ranking.com/ranks?period=03+April+2025
2025-04-03,football_ranking_2025-04-03,Tunisia,TUN,49,52,3,1474.1,1464.0,,https://football-ranking.com/ranks?period=03+April+2025
2025-04-03,football_ranking_2025-04-03,Cameroon,CMR,50,49,-1,1465.72,1471.0,,https://football-ranking.com/ranks?period=03+April+2025
2025-04-03,football_ranking_2025-04-03,Slovenia,SVN,51,55,4,1462.65,1454.0,,https://football-ranking.com/ranks?period=03+April+2025&page=2
2025-04-03,football_ranking_2025-04-03,Chile,CHI,52,50,-2,1461.91,1469.0,,https://football-ranking.com/ranks?period=03+April+2025&page=2
2025-04-03,football_ranking_2025-04-03,Mali,MLI,53,51,-2,1460.24,1466.0,,https://football-ranking.com/ranks?period=03+April+2025&page=2
2025-04-03,football_ranking_2025-04-03,Costa Rica,CRC,54,54,0,1459.13,1455.0,,https://football-ranking.com/ranks?period=03+April+2025&page=2
2025-04-03,football_ranking_2025-04-03,Qatar,QAT,55,48,-7,1456.6,1475.0,,https://football-ranking.com/ranks?period=03+April+2025&page=2
2025-04-03,football_ranking_2025-04-03,South Africa,RSA,56,57,1,1445.01,1429.0,,https://football-ranking.com/ranks?period=03+April+2025&page=2
2025-04-03,football_ranking_2025-04-03,Uzbekistan,UZB,57,58,1,1436.79,1425.0,,https://football-ranking.com/ranks?period=03+April+2025&page=2
2025-04-03,football_ranking_2025-04-03,Saudi Arabia,KSA,58,59,1,1421.84,1407.0,,https://football-ranking.com/ranks?period=03+April+2025&page=2
2025-04-03,football_ranking_2025-04-03,Iraq,IRQ,59,56,-3,1413.39,1443.0,,https://football-ranking.com/ranks?period=03+April+2025&page=2
2025-04-03,football_ranking_2025-04-03,Republic of Ireland,IRL,60,60,0,1412.23,1400.0,,https://football-ranking.com/ranks?period=03+April+2025&page=2
2025-04-03,football_ranking_2025-04-03,Congo DR,COD,61,61,0,1406.59,1396.0,,https://football-ranking.com/ranks?period=03+April+2025&page=2
2025-04-03,football_ranking_2025-04-03,Jordan,JOR,62,64,2,1388.46,1376.0,,https://football-ranking.com/ranks?period=03+April+2025&page=2
2025-04-03,football_ranking_2025-04-03,Jamaica,JAM,63,62,-1,1387.49,1391.0,,https://football-ranking.com/ranks?period=03+April+2025&page=2
2025-04-03,football_ranking_2025-04-03,Burkina Faso,BFA,64,66,2,1385.87,1374.0,,https://football-ranking.com/ranks?period=03+April+2025&page=2
2025-04-03,football_ranking_2025-04-03,United Arab Emirates,UAE,65,63,-2,1382.73,1386.0,,https://football-ranking.com/ranks?period=03+April+2025&page=2
2025-04-03,football_ranking_2025-04-03,Albania,ALB,66,65,-1,1375.94,1376.0,,https://football-ranking.com/ranks?period=03+April+2025&page=2
2025-04-03,football_ranking_2025-04-03,North Macedonia,MKD,67,67,0,1375.58,1369.0,,https://football-ranking.com/ranks?period=03+April+2025&page=2
2025-04-03,football_ranking_2025-04-03,Georgia,GEO,68,68,0,1373.05,1362.0,,https://football-ranking.com/ranks?period=03+April+2025&page=2
2025-04-03,football_ranking_2025-04-03,Finland,FIN,69,69,0,1359.79,1362.0,,https://football-ranking.com/ranks?period=03+April+2025&page=2
2025-04-03,football_ranking_2025-04-03,"atOptions = {  'key' : '70c6397f984309008567c72764ad34da',  'format' : 'iframe',  'height' : 90,  'width' : 728,  'params' : {}  };  document.write('<scr' + 'ipt type=""text/javascript"" src=""http' + (location.protocol === 'https:' ? 's' : '') + '://www.creativeformatsnetwork.com/70c6397f984309008567c72764ad34da/invoke.js""></scr' + 'ipt>');",,70,70,0,70.0,70.0,,https://football-ranking.com/ranks?period=03+April+2025
2025-04-03,football_ranking_2025-04-03,Northern Ireland,NIR,71,71,0,1350.34,1350.0,,https://football-ranking.com/ranks?period=03+April+2025&page=2
2025-04-03,football_ranking_2025-04-03,Cabo Verde,CPV,72,72,0,1344.37,1329.0,,https://football-ranking.com/ranks?period=03+April+2025&page=2
2025-04-03,football_ranking_2025-04-03,Montenegro,MNE,73,73,0,1337.36,1327.0,,https://football-ranking.com/ranks?period=03+April+2025&page=2
2025-04-03,football_ranking_2025-04-03,Iceland,ISL,74,70,-4,1336.55,1355.0,,https://football-ranking.com/ranks?period=03+April+2025&page=2
2025-04-03,football_ranking_2025-04-03,Honduras,HON,75,75,0,1333.51,1326.0,,https://football-ranking.com/ranks?period=03+April+2025&page=2
2025-04-03,football_ranking_2025-04-03,Ghana,GHA,76,77,1,1333.14,1321.0,,https://football-ranking.com/ranks?period=03+April+2025&page=2
2025-04-03,football_ranking_2025-04-03,Oman,OMA,77,80,3,1322.85,1307.0,,https://football-ranking.com/ranks?period=03+April+2025&page=2
2025-04-03,football_ranking_2025-04-03,Israel,ISR,78,76,-2,1321.77,1322.0,,https://football-ranking.com/ranks?period=03+April+2025&page=2
2025-04-03,football_ranking_2025-04-03,Gabon,GAB,79,84,5,1309.89,1298.0,,https://football-ranking.com/ranks?period=03+April+2025&page=2
2025-04-03,football_ranking_2025-04-03,Bolivia,BOL,80,79,-1,1308.12,1309.0,,https://football-ranking.com/ranks?period=03+April+2025&page=2
2025-04-03,football_ranking_2025-04-03,El Salvador,SLV,81,83,2,1300.81,1301.0,,https://football-ranking.com/ranks?period=03+April+2025&page=2
2025-04-03,football_ranking_2025-04-03,Guinea,GUI,82,78,-4,1292.63,1312.0,,https://football-ranking.com/ranks?period=03+April+2025&page=2
2025-04-03,football_ranking_2025-04-03,Haiti,HAI,83,86,3,1291.54,1288.0,,https://football-ranking.com/ranks?period=03+April+2025&page=2
2025-04-03,football_ranking_2025-04-03,Bulgaria,BUL,84,82,-2,1289.03,1301.0,,https://football-ranking.com/ranks?period=03+April+2025&page=2
2025-04-03,football_ranking_2025-04-03,Bahrain,BHR,85,81,-4,1286.02,1306.0,,https://football-ranking.com/ranks?period=03+April+2025&page=2
2025-04-03,football_ranking_2025-04-03,Aotearoa New Zealand,NZL,86,89,3,1284.67,1270.0,,https://football-ranking.com/ranks?period=03+April+2025&page=2
2025-04-03,football_ranking_2025-04-03,Zambia,ZAM,87,87,0,1283.77,1279.0,,https://football-ranking.com/ranks?period=03+April+2025&page=2
2025-04-03,football_ranking_2025-04-03,Angola,ANG,88,85,-3,1279.55,1296.0,,https://football-ranking.com/ranks?period=03+April+2025&page=2
2025-04-03,football_ranking_2025-04-03,Uganda,UGA,89,88,-1,1273.73,1270.0,,https://football-ranking.com/ranks?period=03+April+2025&page=2
2025-04-03,football_ranking_2025-04-03,Luxembourg,LUX,90,92,2,1262.89,1256.0,,https://football-ranking.com/ranks?period=03+April+2025&page=2
2025-04-03,football_ranking_2025-04-03,Curaçao,CUW,91,91,0,1258.95,1265.0,,https://football-ranking.com/ranks?period=03+April+2025&page=2
2025-04-03,football_ranking_2025-04-03,Equatorial Guinea,EQG,92,93,1,1255.75,1256.0,,https://football-ranking.com/ranks?period=03+April+2025&page=2
2025-04-03,football_ranking_2025-04-03,Syria,SYR,93,95,2,1253.81,1249.0,,https://football-ranking.com/ranks?period=03+April+2025&page=2
2025-04-03,football_ranking_2025-04-03,China PR,CHN,94,90,-4,1252.74,1266.0,,https://football-ranking.com/ranks?period=03+April+2025&page=2
2025-04-03,football_ranking_2025-04-03,Benin,BEN,95,94,-1,1240.45,1251.0,,https://football-ranking.com/ranks?period=03+April+2025&page=2
2025-04-03,football_ranking_2025-04-03,Kosovo,KOS,96,99,3,1238.37,1220.0,,https://football-ranking.com/ranks?period=03+April+2025&page=2
2025-04-03,football_ranking_2025-04-03,Mozambique,MOZ,97,96,-1,1235.0,1233.0,,https://football-ranking.com/ranks?period=03+April+2025&page=2
2025-04-03,football_ranking_2025-04-03,Belarus,BLR,98,98,0,1233.22,1226.0,,https://football-ranking.com/ranks?period=03+April+2025&page=2
2025-04-03,football_ranking_2025-04-03,Thailand,THA,99,97,-2,1232.87,1231.0,,https://football-ranking.com/ranks?period=03+April+2025&page=2
2025-04-03,football_ranking_2025-04-03,Trinidad and Tobago,TRI,100,102,2,1228.7,1215.0,,https://football-ranking.com/ranks?period=03+April+2025&page=2
2025-04-03,football_ranking_2025-04-03,Palestine,PLE,101,101,0,1224.64,1216.0,,https://football-ranking.com/ranks?period=03+April+2025&page=3
2025-04-03,football_ranking_2025-04-03,Armenia,ARM,102,100,-2,1208.31,1219.0,,https://football-ranking.com/ranks?period=03+April+2025&page=3
2025-04-03,football_ranking_2025-04-03,Kyrgyz Republic,KGZ,103,107,4,1205.67,1194.0,,https://football-ranking.com/ranks?period=03+April+2025&page=3
2025-04-03,football_ranking_2025-04-03,Tajikistan,TJK,104,104,0,1203.42,1203.0,,https://football-ranking.com/ranks?period=03+April+2025&page=3
2025-04-03,football_ranking_2025-04-03,Comoros,COM,105,103,-2,1203.13,1209.0,,https://football-ranking.com/ranks?period=03+April+2025&page=3
2025-04-03,football_ranking_2025-04-03,Guatemala,GUA,106,105,-1,1197.12,1201.0,,https://football-ranking.com/ranks?period=03+April+2025&page=3
2025-04-03,football_ranking_2025-04-03,Namibia,NAM,107,111,4,1192.29,1179.0,,https://football-ranking.com/ranks?period=03+April+2025&page=3
2025-04-03,football_ranking_2025-04-03,Tanzania,TAN,108,106,-2,1191.86,1199.0,,https://football-ranking.com/ranks?period=03+April+2025&page=3
2025-04-03,football_ranking_2025-04-03,Vietnam,VIE,109,114,5,1183.82,1165.0,,https://football-ranking.com/ranks?period=03+April+2025&page=3
2025-04-03,football_ranking_2025-04-03,Kazakhstan,KAZ,110,110,0,1183.3,1180.0,,https://football-ranking.com/ranks?period=03+April+2025&page=3
2025-04-03,football_ranking_2025-04-03,Kenya,KEN,111,108,-3,1181.75,1190.0,,https://football-ranking.com/ranks?period=03+April+2025&page=3
2025-04-03,football_ranking_2025-04-03,Lebanon,LBN,112,112,0,1180.14,1171.0,,https://football-ranking.com/ranks?period=03+April+2025&page=3
2025-04-03,football_ranking_2025-04-03,Mauritania,MTN,113,109,-4,1179.56,1183.0,,https://football-ranking.com/ranks?period=03+April+2025&page=3
2025-04-03,football_ranking_2025-04-03,Sudan,SDN,114,113,-1,1174.22,1165.0,,https://football-ranking.com/ranks?period=03+April+2025&page=3
2025-04-03,football_ranking_2025-04-03,Madagascar,MAD,115,116,1,1162.86,1162.0,,https://football-ranking.com/ranks?period=03+April+2025&page=3
2025-04-03,football_ranking_2025-04-03,Zimbabwe,ZIM,116,121,5,1160.51,1151.0,,https://football-ranking.com/ranks?period=03+April+2025&page=3
2025-04-03,football_ranking_2025-04-03,Libya,LBY,117,118,1,1155.19,1158.0,,https://football-ranking.com/ranks?period=03+April+2025&page=3
2025-04-03,football_ranking_2025-04-03,Korea DPR,PRK,118,115,-3,1154.3,1164.0,,https://football-ranking.com/ranks?period=03+April+2025&page=3
2025-04-03,football_ranking_2025-04-03,Azerbaijan,AZE,119,117,-2,1152.78,1159.0,,https://football-ranking.com/ranks?period=03+April+2025&page=3
2025-04-03,football_ranking_2025-04-03,Togo,TOG,120,119,-1,1149.49,1152.0,,https://football-ranking.com/ranks?period=03+April+2025&page=3
2025-04-03,football_ranking_2025-04-03,Estonia,EST,121,123,2,1144.48,1143.0,,https://football-ranking.com/ranks?period=03+April+2025&page=3
2025-04-03,football_ranking_2025-04-03,Niger,NIG,122,122,0,1143.24,1146.0,,https://football-ranking.com/ranks?period=03+April+2025&page=3
2025-04-03,football_ranking_2025-04-03,Indonesia,IDN,123,127,4,1142.83,1133.0,,https://football-ranking.com/ranks?period=03+April+2025&page=3
2025-04-03,football_ranking_2025-04-03,Sierra Leone,SLE,124,129,5,1140.07,1132.0,,https://football-ranking.com/ranks?period=03+April+2025&page=3
2025-04-03,football_ranking_2025-04-03,Congo,CGO,125,128,3,1136.31,1133.0,,https://football-ranking.com/ranks?period=03+April+2025&page=3
2025-04-03,football_ranking_2025-04-03,The Gambia,GAM,126,125,-1,1132.29,1135.0,,https://football-ranking.com/ranks?period=03+April+2025&page=3
2025-04-03,football_ranking_2025-04-03,India,IND,127,126,-1,1132.02,1134.0,,https://football-ranking.com/ranks?period=03+April+2025&page=3
2025-04-03,football_ranking_2025-04-03,Guinea-Bissau,GNB,128,120,-8,1128.29,1152.0,,https://football-ranking.com/ranks?period=03+April+2025&page=3
2025-04-03,football_ranking_2025-04-03,Cyprus,CYP,129,130,1,1128.2,1131.0,,https://football-ranking.com/ranks?period=03+April+2025&page=3
2025-04-03,football_ranking_2025-04-03,Rwanda,RWA,130,124,-6,1127.36,1136.0,,https://football-ranking.com/ranks?period=03+April+2025&page=3
2025-04-03,football_ranking_2025-04-03,Malaysia,MAS,131,132,1,1123.58,1116.0,,https://football-ranking.com/ranks?period=03+April+2025&page=3
2025-04-03,football_ranking_2025-04-03,Malawi,MWI,132,131,-1,1118.35,1129.0,,https://football-ranking.com/ranks?period=03+April+2025&page=3
2025-04-03,football_ranking_2025-04-03,Nicaragua,NCA,133,133,0,1114.28,1114.0,,https://football-ranking.com/ranks?period=03+April+2025&page=3
2025-04-03,football_ranking_2025-04-03,Kuwait,KUW,134,134,0,1111.92,1109.0,,https://football-ranking.com/ranks?period=03+April+2025&page=3
2025-04-03,football_ranking_2025-04-03,Central African Republic,CTA,135,135,0,1101.8,1102.0,,https://football-ranking.com/ranks?period=03+April+2025&page=3
2025-04-03,football_ranking_2025-04-03,Botswana,BOT,136,136,0,1101.2,1099.0,,https://football-ranking.com/ranks?period=03+April+2025&page=3
2025-04-03,football_ranking_2025-04-03,Suriname,SUR,137,138,1,1096.6,1097.0,,https://football-ranking.com/ranks?period=03+April+2025&page=3
2025-04-03,football_ranking_2025-04-03,Latvia,LVA,138,140,2,1092.49,1084.0,,https://football-ranking.com/ranks?period=03+April+2025&page=3
2025-04-03,football_ranking_2025-04-03,Burundi,BDI,139,139,0,1086.33,1087.0,,https://football-ranking.com/ranks?period=03+April+2025&page=3
2025-04-03,football_ranking_2025-04-03,Faroe Islands,FRO,140,137,-3,1085.12,1097.0,,https://football-ranking.com/ranks?period=03+April+2025&page=3
2025-04-03,football_ranking_2025-04-03,Dominican Republic,DOM,141,141,0,1085.0,1083.0,,https://football-ranking.com/ranks?period=03+April+2025&page=3
2025-04-03,football_ranking_2025-04-03,Turkmenistan,TKM,142,143,1,1076.14,1065.0,,https://football-ranking.com/ranks?period=03+April+2025&page=3
2025-04-03,football_ranking_2025-04-03,Lithuania,LTU,143,142,-1,1072.57,1070.0,,https://football-ranking.com/ranks?period=03+April+2025&page=3
2025-04-03,football_ranking_2025-04-03,Liberia,LBR,144,145,1,1068.31,1063.0,,https://football-ranking.com/ranks?period=03+April+2025&page=3
2025-04-03,football_ranking_2025-04-03,St Kitts and Nevis,SKN,145,144,-1,1064.99,1065.0,,https://football-ranking.com/ranks?period=03+April+2025&page=3
2025-04-03,football_ranking_2025-04-03,Philippines,PHI,146,150,4,1062.99,1047.0,,https://football-ranking.com/ranks?period=03+April+2025&page=3
2025-04-03,football_ranking_2025-04-03,Ethiopia,ETH,147,146,-1,1060.62,1060.0,,https://football-ranking.com/ranks?period=03+April+2025&page=3
2025-04-03,football_ranking_2025-04-03,Lesotho,LES,148,149,1,1046.35,1047.0,,https://football-ranking.com/ranks?period=03+April+2025&page=3
2025-04-03,football_ranking_2025-04-03,Solomon Islands,SOL,149,147,-2,1045.59,1051.0,,https://football-ranking.com/ranks?period=03+April+2025&page=3
2025-04-03,football_ranking_2025-04-03,Fiji,FIJ,150,148,-2,1043.44,1048.0,,https://football-ranking.com/ranks?period=03+April+2025&page=3
2025-04-03,football_ranking_2025-04-03,New Caledonia,NCL,151,152,1,1039.55,1034.0,,https://football-ranking.com/ranks?period=03+April+2025&page=4
2025-04-03,football_ranking_2025-04-03,Guyana,GUY,152,154,2,1037.92,1031.0,,https://football-ranking.com/ranks?period=03+April+2025&page=4
2025-04-03,football_ranking_2025-04-03,"Hong Kong, China",HKG,153,155,2,1031.57,1029.0,,https://football-ranking.com/ranks?period=03+April+2025&page=4
2025-04-03,football_ranking_2025-04-03,Moldova,MDA,154,151,-3,1031.37,1046.0,,https://football-ranking.com/ranks?period=03+April+2025&page=4
2025-04-03,football_ranking_2025-04-03,Eswatini,SWZ,155,159,4,1022.87,1015.0,,https://football-ranking.com/ranks?period=03+April+2025&page=4
2025-04-03,football_ranking_2025-04-03,Puerto Rico,PUR,156,157,1,1021.19,1023.0,,https://football-ranking.com/ranks?period=03+April+2025&page=4
2025-04-03,football_ranking_2025-04-03,Tahiti,TAH,157,153,-4,1019.04,1031.0,,https://football-ranking.com/ranks?period=03+April+2025&page=4
2025-04-03,football_ranking_2025-04-03,Yemen,YEM,158,158,0,1017.56,1018.0,,https://football-ranking.com/ranks?period=03+April+2025&page=4
2025-04-03,football_ranking_2025-04-03,Antigua and Barbuda,ATG,159,161,2,1010.97,1011.0,,https://football-ranking.com/ranks?period=03+April+2025&page=4
2025-04-03,football_ranking_2025-04-03,Afghanistan,AFG,160,156,-4,1008.37,1025.0,,https://football-ranking.com/ranks?period=03+April+2025&page=4
2025-04-03,football_ranking_2025-04-03,Singapore,SGP,161,160,-1,1003.66,1012.0,,https://football-ranking.com/ranks?period=03+April+2025&page=4
2025-04-03,football_ranking_2025-04-03,Myanmar,MYA,162,169,7,995.21,981.0,,https://football-ranking.com/ranks?period=03+April+2025&page=4
2025-04-03,football_ranking_2025-04-03,Vanuatu,VAN,163,164,1,991.59,994.0,,https://football-ranking.com/ranks?period=03+April+2025&page=4
2025-04-03,football_ranking_2025-04-03,Maldives,MDV,164,162,-2,986.43,1001.0,,https://football-ranking.com/ranks?period=03+April+2025&page=4
2025-04-03,football_ranking_2025-04-03,St Lucia,LCA,165,167,2,985.72,986.0,,https://football-ranking.com/ranks?period=03+April+2025&page=4
2025-04-03,football_ranking_2025-04-03,Chinese Taipei,TPE,166,165,-1,979.84,991.0,,https://football-ranking.com/ranks?period=03+April+2025&page=4
2025-04-03,football_ranking_2025-04-03,Cuba,CUB,167,163,-4,979.68,994.0,,https://football-ranking.com/ranks?period=03+April+2025&page=4
2025-04-03,football_ranking_2025-04-03,Bermuda,BER,168,166,-2,977.52,988.0,,https://football-ranking.com/ranks?period=03+April+2025&page=4
2025-04-03,football_ranking_2025-04-03,Malta,MLT,169,168,-1,976.36,984.0,,https://football-ranking.com/ranks?period=03+April+2025&page=4
2025-04-03,football_ranking_2025-04-03,South Sudan,SSD,170,170,0,975.61,974.0,,https://football-ranking.com/ranks?period=03+April+2025&page=4
2025-04-03,football_ranking_2025-04-03,Papua New Guinea,PNG,171,172,1,969.18,964.0,,https://football-ranking.com/ranks?period=03+April+2025&page=4
2025-04-03,football_ranking_2025-04-03,St Vincent and the Grenadines,VIN,172,173,1,966.08,962.0,,https://football-ranking.com/ranks?period=03+April+2025&page=4
2025-04-03,football_ranking_2025-04-03,Andorra,AND,173,171,-2,957.4,972.0,,https://football-ranking.com/ranks?period=03+April+2025&page=4
2025-04-03,football_ranking_2025-04-03,Grenada,GRN,174,174,0,955.5,955.0,,https://football-ranking.com/ranks?period=03+April+2025&page=4
2025-04-03,football_ranking_2025-04-03,Nepal,NEP,175,175,0,936.3,939.0,,https://football-ranking.com/ranks?period=03+April+2025&page=4
2025-04-03,football_ranking_2025-04-03,Barbados,BRB,176,177,1,933.3,933.0,,https://football-ranking.com/ranks?period=03+April+2025&page=4
2025-04-03,football_ranking_2025-04-03,Chad,CHA,177,176,-1,925.12,935.0,,https://football-ranking.com/ranks?period=03+April+2025&page=4
2025-04-03,football_ranking_2025-04-03,Mauritius,MRI,178,179,1,921.61,923.0,,https://football-ranking.com/ranks?period=03+April+2025&page=4
2025-04-03,football_ranking_2025-04-03,Belize,BLZ,179,178,-1,919.26,925.0,,https://football-ranking.com/ranks?period=03+April+2025&page=4
2025-04-03,football_ranking_2025-04-03,Montserrat,MSR,180,181,1,914.26,914.0,,https://football-ranking.com/ranks?period=03+April+2025&page=4
2025-04-03,football_ranking_2025-04-03,Cambodia,CAM,181,180,-1,913.34,920.0,,https://football-ranking.com/ranks?period=03+April+2025&page=4
2025-04-03,football_ranking_2025-04-03,Bhutan,BHU,182,182,0,906.8,904.0,,https://football-ranking.com/ranks?period=03+April+2025&page=4
2025-04-03,football_ranking_2025-04-03,Bangladesh,BAN,183,185,2,904.16,899.0,,https://football-ranking.com/ranks?period=03+April+2025&page=4
2025-04-03,football_ranking_2025-04-03,Dominica,DMA,184,183,-1,900.0,900.0,,https://football-ranking.com/ranks?period=03+April+2025&page=4
2025-04-03,football_ranking_2025-04-03,Brunei Darussalam,BRU,185,184,-1,893.39,900.0,,https://football-ranking.com/ranks?period=03+April+2025&page=4
2025-04-03,football_ranking_2025-04-03,American Samoa,ASA,186,187,1,883.17,883.0,,https://football-ranking.com/ranks?period=03+April+2025&page=4
2025-04-03,football_ranking_2025-04-03,Mongolia,MNG,187,188,1,879.75,880.0,,https://football-ranking.com/ranks?period=03+April+2025&page=4
2025-04-03,football_ranking_2025-04-03,Cook Islands,COK,188,190,2,877.53,878.0,,https://football-ranking.com/ranks?period=03+April+2025&page=4
2025-04-03,football_ranking_2025-04-03,Samoa,SAM,189,192,3,876.41,876.0,,https://football-ranking.com/ranks?period=03+April+2025&page=4
2025-04-03,football_ranking_2025-04-03,Laos,LAO,190,186,-4,876.4,890.0,,https://football-ranking.com/ranks?period=03+April+2025&page=4
2025-04-03,football_ranking_2025-04-03,Cayman Islands,CAY,191,194,3,866.71,867.0,,https://football-ranking.com/ranks?period=03+April+2025&page=4
2025-04-03,football_ranking_2025-04-03,Djibouti,DJI,192,191,-1,865.76,877.0,,https://football-ranking.com/ranks?period=03+April+2025&page=4
2025-04-03,football_ranking_2025-04-03,Macau,MAC,193,193,0,865.28,869.0,,https://football-ranking.com/ranks?period=03+April+2025&page=4
2025-04-03,football_ranking_2025-04-03,São Tomé and Príncipe,STP,194,189,-5,865.09,878.0,,https://football-ranking.com/ranks?period=03+April+2025&page=4
2025-04-03,football_ranking_2025-04-03,Aruba,ARU,195,195,0,860.78,858.0,,https://football-ranking.com/ranks?period=03+April+2025&page=4
2025-04-03,football_ranking_2025-04-03,Gibraltar,GIB,196,196,0,843.19,849.0,,https://football-ranking.com/ranks?period=03+April+2025&page=4
2025-04-03,football_ranking_2025-04-03,Timor-Leste,TLS,197,197,0,839.45,847.0,,https://football-ranking.com/ranks?period=03+April+2025&page=4
2025-04-03,football_ranking_2025-04-03,Pakistan,PAK,198,198,0,838.25,843.0,,https://football-ranking.com/ranks?period=03+April+2025&page=4
2025-04-03,football_ranking_2025-04-03,Tonga,TGA,199,199,0,835.64,836.0,,https://football-ranking.com/ranks?period=03+April+2025&page=4
2025-04-03,football_ranking_2025-04-03,Sri Lanka,SRI,200,200,0,833.75,833.0,,https://football-ranking.com/ranks?period=03+April+2025&page=4
2025-04-03,football_ranking_2025-04-03,Somalia,SOM,201,202,1,832.13,830.0,,https://football-ranking.com/ranks?period=03+April+2025&page=5
2025-04-03,football_ranking_2025-04-03,Guam,GUM,202,203,1,824.65,825.0,,https://football-ranking.com/ranks?period=03+April+2025&page=5
2025-04-03,football_ranking_2025-04-03,Seychelles,SEY,203,201,-2,820.71,831.0,,https://football-ranking.com/ranks?period=03+April+2025&page=5
2025-04-03,football_ranking_2025-04-03,Bahamas,BAH,204,205,1,818.58,819.0,,https://football-ranking.com/ranks?period=03+April+2025&page=5
2025-04-03,football_ranking_2025-04-03,Liechtenstein,LIE,205,204,-1,813.95,822.0,,https://football-ranking.com/ranks?period=03+April+2025&page=5
2025-04-03,football_ranking_2025-04-03,Turks and Caicos Islands,TCA,206,206,0,803.98,804.0,,https://football-ranking.com/ranks?period=03+April+2025&page=5
2025-04-03,football_ranking_2025-04-03,British Virgin Islands,VGB,207,207,0,780.3,780.0,,https://football-ranking.com/ranks?period=03+April+2025&page=5
2025-04-03,football_ranking_2025-04-03,US Virgin Islands,VIR,208,208,0,779.71,780.0,,https://football-ranking.com/ranks?period=03+April+2025&page=5
2025-04-03,football_ranking_2025-04-03,Anguilla,AIA,209,209,0,769.31,769.0,,https://football-ranking.com/ranks?period=03+April+2025&page=5
2025-04-03,football_ranking_2025-04-03,San Marino,SMR,210,210,0,741.35,747.0,,https://football-ranking.com/ranks?period=03+April+2025&page=5
