rank_date,date_id,country,country_code,rank,previous_rank,rank_change,total_points,previous_points,confederation,source_url,data_note
2025-11-19,FRS_Male_Football_20251119,Spain,ESP,1,1,0,1877.18,,,https://si.wikipedia.org/wiki/Module:SportsRankings/data/FIFA_World_Rankings,Manual extraction from ranking module; top 100 only; previous_points and confederation unavailable.
2025-11-19,FRS_Male_Football_20251119,Argentina,ARG,2,2,0,1873.33,,,https://si.wikipedia.org/wiki/Module:SportsRankings/data/FIFA_World_Rankings,Manual extraction from ranking module; top 100 only; previous_points and confederation unavailable.
2025-11-19,FRS_Male_Football_20251119,France,FRA,3,3,0,1870.0,,,https://si.wikipedia.org/wiki/Module:SportsRankings/data/FIFA_World_Rankings,Manual extraction from ranking module; top 100 only; previous_points and confederation unavailable.
2025-11-19,FRS_Male_Football_20251119,England,ENG,4,4,0,1834.12,,,https://si.wikipedia.org/wiki/Module:SportsRankings/data/FIFA_World_Rankings,Manual extraction from ranking module; top 100 only; previous_points and confederation unavailable.
2025-11-19,FRS_Male_Football_20251119,Brazil,BRA,5,7,2,1760.46,,,https://si.wikipedia.org/wiki/Module:SportsRankings/data/FIFA_World_Rankings,Manual extraction from ranking module; top 100 only; previous_points and confederation unavailable.
2025-11-19,FRS_Male_Football_20251119,Portugal,POR,6,5,-1,1760.38,,,https://si.wikipedia.org/wiki/Module:SportsRankings/data/FIFA_World_Rankings,Manual extraction from ranking module; top 100 only; previous_points and confederation unavailable.
2025-11-19,FRS_Male_Football_20251119,Netherlands,NED,7,6,-1,1756.27,,,https://si.wikipedia.org/wiki/Module:SportsRankings/data/FIFA_World_Rankings,Manual extraction from ranking module; top 100 only; previous_points and confederation unavailable.
2025-11-19,FRS_Male_Football_20251119,Belgium,BEL,8,8,0,1736.38,,,https://si.wikipedia.org/wiki/Module:SportsRankings/data/FIFA_World_Rankings,Manual extraction from ranking module; top 100 only; previous_points and confederation unavailable.
2025-11-19,FRS_Male_Football_20251119,Germany,GER,9,10,1,1713.3,,,https://si.wikipedia.org/wiki/Module:SportsRankings/data/FIFA_World_Rankings,Manual extraction from ranking module; top 100 only; previous_points and confederation unavailable.
2025-11-19,FRS_Male_Football_20251119,Croatia,CRO,10,9,-1,1710.15,,,https://si.wikipedia.org/wiki/Module:SportsRankings/data/FIFA_World_Rankings,Manual extraction from ranking module; top 100 only; previous_points and confederation unavailable.
2025-11-19,FRS_Male_Football_20251119,Morocco,MAR,11,12,1,1706.27,,,https://si.wikipedia.org/wiki/Module:SportsRankings/data/FIFA_World_Rankings,Manual extraction from ranking module; top 100 only; previous_points and confederation unavailable.
2025-11-19,FRS_Male_Football_20251119,Italy,ITA,12,11,-1,1702.89,,,https://si.wikipedia.org/wiki/Module:SportsRankings/data/FIFA_World_Rankings,Manual extraction from ranking module; top 100 only; previous_points and confederation unavailable.
2025-11-19,FRS_Male_Football_20251119,Colombia,COL,13,13,0,1696.53,,,https://si.wikipedia.org/wiki/Module:SportsRankings/data/FIFA_World_Rankings,Manual extraction from ranking module; top 100 only; previous_points and confederation unavailable.
2025-11-19,FRS_Male_Football_20251119,Senegal,SEN,14,18,4,1683.03,,,https://si.wikipedia.org/wiki/Module:SportsRankings/data/FIFA_World_Rankings,Manual extraction from ranking module; top 100 only; previous_points and confederation unavailable.
2025-11-19,FRS_Male_Football_20251119,Mexico,MEX,15,14,-1,1682.05,,,https://si.wikipedia.org/wiki/Module:SportsRankings/data/FIFA_World_Rankings,Manual extraction from ranking module; top 100 only; previous_points and confederation unavailable.
2025-11-19,FRS_Male_Football_20251119,Uruguay,URU,16,15,-1,1677.6,,,https://si.wikipedia.org/wiki/Module:SportsRankings/data/FIFA_World_Rankings,Manual extraction from ranking module; top 100 only; previous_points and confederation unavailable.
2025-11-19,FRS_Male_Football_20251119,United States,USA,17,16,-1,1671.26,,,https://si.wikipedia.org/wiki/Module:SportsRankings/data/FIFA_World_Rankings,Manual extraction from ranking module; top 100 only; previous_points and confederation unavailable.
2025-11-19,FRS_Male_Football_20251119,Switzerland,SUI,18,17,-1,1654.64,,,https://si.wikipedia.org/wiki/Module:SportsRankings/data/FIFA_World_Rankings,Manual extraction from ranking module; top 100 only; previous_points and confederation unavailable.
2025-11-19,FRS_Male_Football_20251119,Japan,JPN,19,19,0,1645.66,,,https://si.wikipedia.org/wiki/Module:SportsRankings/data/FIFA_World_Rankings,Manual extraction from ranking module; top 100 only; previous_points and confederation unavailable.
2025-11-19,FRS_Male_Football_20251119,Denmark,DEN,20,21,1,1625.96,,,https://si.wikipedia.org/wiki/Module:SportsRankings/data/FIFA_World_Rankings,Manual extraction from ranking module; top 100 only; previous_points and confederation unavailable.
2025-11-19,FRS_Male_Football_20251119,Iran,IRN,21,20,-1,1618.71,,,https://si.wikipedia.org/wiki/Module:SportsRankings/data/FIFA_World_Rankings,Manual extraction from ranking module; top 100 only; previous_points and confederation unavailable.
2025-11-19,FRS_Male_Football_20251119,Austria,AUT,22,24,2,1598.57,,,https://si.wikipedia.org/wiki/Module:SportsRankings/data/FIFA_World_Rankings,Manual extraction from ranking module; top 100 only; previous_points and confederation unavailable.
2025-11-19,FRS_Male_Football_20251119,South Korea,KOR,23,22,-1,1593.33,,,https://si.wikipedia.org/wiki/Module:SportsRankings/data/FIFA_World_Rankings,Manual extraction from ranking module; top 100 only; previous_points and confederation unavailable.
2025-11-19,FRS_Male_Football_20251119,Ecuador,ECU,24,23,-1,1589.72,,,https://si.wikipedia.org/wiki/Module:SportsRankings/data/FIFA_World_Rankings,Manual extraction from ranking module; top 100 only; previous_points and confederation unavailable.
2025-11-19,FRS_Male_Football_20251119,Australia,AUS,25,25,0,1549.07,,,https://si.wikipedia.org/wiki/Module:SportsRankings/data/FIFA_World_Rankings,Manual extraction from ranking module; top 100 only; previous_points and confederation unavailable.
2025-11-19,FRS_Male_Football_20251119,Norway,NOR,26,29,3,1539.43,,,https://si.wikipedia.org/wiki/Module:SportsRankings/data/FIFA_World_Rankings,Manual extraction from ranking module; top 100 only; previous_points and confederation unavailable.
2025-11-19,FRS_Male_Football_20251119,Turkey,TUR,27,26,-1,1537.89,,,https://si.wikipedia.org/wiki/Module:SportsRankings/data/FIFA_World_Rankings,Manual extraction from ranking module; top 100 only; previous_points and confederation unavailable.
2025-11-19,FRS_Male_Football_20251119,Canada,CAN,28,28,0,1537.27,,,https://si.wikipedia.org/wiki/Module:SportsRankings/data/FIFA_World_Rankings,Manual extraction from ranking module; top 100 only; previous_points and confederation unavailable.
2025-11-19,FRS_Male_Football_20251119,Paraguay,PAR,29,31,2,1526.83,,,https://si.wikipedia.org/wiki/Module:SportsRankings/data/FIFA_World_Rankings,Manual extraction from ranking module; top 100 only; previous_points and confederation unavailable.
2025-11-19,FRS_Male_Football_20251119,Ukraine,UKR,30,27,-3,1526.3,,,https://si.wikipedia.org/wiki/Module:SportsRankings/data/FIFA_World_Rankings,Manual extraction from ranking module; top 100 only; previous_points and confederation unavailable.
2025-11-19,FRS_Male_Football_20251119,Sweden,SWE,31,32,1,1522.19,,,https://si.wikipedia.org/wiki/Module:SportsRankings/data/FIFA_World_Rankings,Manual extraction from ranking module; top 100 only; previous_points and confederation unavailable.
2025-11-19,FRS_Male_Football_20251119,Wales,WAL,32,33,1,1521.72,,,https://si.wikipedia.org/wiki/Module:SportsRankings/data/FIFA_World_Rankings,Manual extraction from ranking module; top 100 only; previous_points and confederation unavailable.
2025-11-19,FRS_Male_Football_20251119,Panama,PAN,33,30,-3,1514.03,,,https://si.wikipedia.org/wiki/Module:SportsRankings/data/FIFA_World_Rankings,Manual extraction from ranking module; top 100 only; previous_points and confederation unavailable.
2025-11-19,FRS_Male_Football_20251119,Egypt,EGY,34,32,-2,1508.98,,,https://si.wikipedia.org/wiki/Module:SportsRankings/data/FIFA_World_Rankings,Manual extraction from ranking module; top 100 only; previous_points and confederation unavailable.
2025-11-19,FRS_Male_Football_20251119,Algeria,ALG,35,38,3,1508.08,,,https://si.wikipedia.org/wiki/Module:SportsRankings/data/FIFA_World_Rankings,Manual extraction from ranking module; top 100 only; previous_points and confederation unavailable.
2025-11-19,FRS_Male_Football_20251119,Czech Republic,CZE,36,39,3,1506.15,,,https://si.wikipedia.org/wiki/Module:SportsRankings/data/FIFA_World_Rankings,Manual extraction from ranking module; top 100 only; previous_points and confederation unavailable.
2025-11-19,FRS_Male_Football_20251119,Serbia,SRB,37,37,0,1500.61,,,https://si.wikipedia.org/wiki/Module:SportsRankings/data/FIFA_World_Rankings,Manual extraction from ranking module; top 100 only; previous_points and confederation unavailable.
2025-11-19,FRS_Male_Football_20251119,Poland,POL,38,36,-2,1496.47,,,https://si.wikipedia.org/wiki/Module:SportsRankings/data/FIFA_World_Rankings,Manual extraction from ranking module; top 100 only; previous_points and confederation unavailable.
2025-11-19,FRS_Male_Football_20251119,Russia,RUS,39,35,-4,1494.39,,,https://si.wikipedia.org/wiki/Module:SportsRankings/data/FIFA_World_Rankings,Manual extraction from ranking module; top 100 only; previous_points and confederation unavailable.
2025-11-19,FRS_Male_Football_20251119,Tunisia,TUN,40,39,-1,1491.81,,,https://si.wikipedia.org/wiki/Module:SportsRankings/data/FIFA_World_Rankings,Manual extraction from ranking module; top 100 only; previous_points and confederation unavailable.
2025-11-19,FRS_Male_Football_20251119,Hungary,HUN,41,41,0,1486.73,,,https://si.wikipedia.org/wiki/Module:SportsRankings/data/FIFA_World_Rankings,Manual extraction from ranking module; top 100 only; previous_points and confederation unavailable.
2025-11-19,FRS_Male_Football_20251119,Scotland,SCO,42,43,1,1478.14,,,https://si.wikipedia.org/wiki/Module:SportsRankings/data/FIFA_World_Rankings,Manual extraction from ranking module; top 100 only; previous_points and confederation unavailable.
2025-11-19,FRS_Male_Football_20251119,Slovakia,SVK,43,42,-1,1473.42,,,https://si.wikipedia.org/wiki/Module:SportsRankings/data/FIFA_World_Rankings,Manual extraction from ranking module; top 100 only; previous_points and confederation unavailable.
2025-11-19,FRS_Male_Football_20251119,Greece,GRE,44,46,2,1463.74,,,https://si.wikipedia.org/wiki/Module:SportsRankings/data/FIFA_World_Rankings,Manual extraction from ranking module; top 100 only; previous_points and confederation unavailable.
2025-11-19,FRS_Male_Football_20251119,Nigeria,NGA,45,45,0,1463.1,,,https://si.wikipedia.org/wiki/Module:SportsRankings/data/FIFA_World_Rankings,Manual extraction from ranking module; top 100 only; previous_points and confederation unavailable.
2025-11-19,FRS_Male_Football_20251119,Cameroon,CMR,46,54,8,1462.25,,,https://si.wikipedia.org/wiki/Module:SportsRankings/data/FIFA_World_Rankings,Manual extraction from ranking module; top 100 only; previous_points and confederation unavailable.
2025-11-19,FRS_Male_Football_20251119,Côte d'Ivoire,CIV,47,42,-5,1460.96,,,https://si.wikipedia.org/wiki/Module:SportsRankings/data/FIFA_World_Rankings,Manual extraction from ranking module; top 100 only; previous_points and confederation unavailable.
2025-11-19,FRS_Male_Football_20251119,Romania,ROU,48,47,-1,1458.68,,,https://si.wikipedia.org/wiki/Module:SportsRankings/data/FIFA_World_Rankings,Manual extraction from ranking module; top 100 only; previous_points and confederation unavailable.
2025-11-19,FRS_Male_Football_20251119,Venezuela,VEN,49,50,1,1453.35,,,https://si.wikipedia.org/wiki/Module:SportsRankings/data/FIFA_World_Rankings,Manual extraction from ranking module; top 100 only; previous_points and confederation unavailable.
2025-11-19,FRS_Male_Football_20251119,Mali,MLI,50,53,3,1452.54,,,https://si.wikipedia.org/wiki/Module:SportsRankings/data/FIFA_World_Rankings,Manual extraction from ranking module; top 100 only; previous_points and confederation unavailable.
2025-11-19,FRS_Male_Football_20251119,Slovenia,SVN,51,49,-2,1452.41,,,https://si.wikipedia.org/wiki/Module:SportsRankings/data/FIFA_World_Rankings,Manual extraction from ranking module; top 100 only; previous_points and confederation unavailable.
2025-11-19,FRS_Male_Football_20251119,Uzbekistan,UZB,52,55,3,1450.31,,,https://si.wikipedia.org/wiki/Module:SportsRankings/data/FIFA_World_Rankings,Manual extraction from ranking module; top 100 only; previous_points and confederation unavailable.
2025-11-19,FRS_Male_Football_20251119,Peru,PER,53,48,-5,1448.11,,,https://si.wikipedia.org/wiki/Module:SportsRankings/data/FIFA_World_Rankings,Manual extraction from ranking module; top 100 only; previous_points and confederation unavailable.
2025-11-19,FRS_Male_Football_20251119,Costa Rica,CRC,54,46,-8,1447.5,,,https://si.wikipedia.org/wiki/Module:SportsRankings/data/FIFA_World_Rankings,Manual extraction from ranking module; top 100 only; previous_points and confederation unavailable.
2025-11-19,FRS_Male_Football_20251119,South Africa,RSA,55,59,4,1442.78,,,https://si.wikipedia.org/wiki/Module:SportsRankings/data/FIFA_World_Rankings,Manual extraction from ranking module; top 100 only; previous_points and confederation unavailable.
2025-11-19,FRS_Male_Football_20251119,Chile,CHI,56,57,1,1440.81,,,https://si.wikipedia.org/wiki/Module:SportsRankings/data/FIFA_World_Rankings,Manual extraction from ranking module; top 100 only; previous_points and confederation unavailable.
2025-11-19,FRS_Male_Football_20251119,Qatar,QAT,57,51,-6,1434.75,,,https://si.wikipedia.org/wiki/Module:SportsRankings/data/FIFA_World_Rankings,Manual extraction from ranking module; top 100 only; previous_points and confederation unavailable.
2025-11-19,FRS_Male_Football_20251119,Saudi Arabia,KSA,58,58,0,1432.89,,,https://si.wikipedia.org/wiki/Module:SportsRankings/data/FIFA_World_Rankings,Manual extraction from ranking module; top 100 only; previous_points and confederation unavailable.
2025-11-19,FRS_Male_Football_20251119,Jamaica,JAM,59,68,9,1432.14,,,https://si.wikipedia.org/wiki/Module:SportsRankings/data/FIFA_World_Rankings,Manual extraction from ranking module; top 100 only; previous_points and confederation unavailable.
2025-11-19,FRS_Male_Football_20251119,Iraq,IRQ,60,56,-4,1431.57,,,https://si.wikipedia.org/wiki/Module:SportsRankings/data/FIFA_World_Rankings,Manual extraction from ranking module; top 100 only; previous_points and confederation unavailable.
2025-11-19,FRS_Male_Football_20251119,Burkina Faso,BFA,61,64,3,1413.99,,,https://si.wikipedia.org/wiki/Module:SportsRankings/data/FIFA_World_Rankings,Manual extraction from ranking module; top 100 only; previous_points and confederation unavailable.
2025-11-19,FRS_Male_Football_20251119,DR Congo,COD,62,60,-2,1413.78,,,https://si.wikipedia.org/wiki/Module:SportsRankings/data/FIFA_World_Rankings,Manual extraction from ranking module; top 100 only; previous_points and confederation unavailable.
2025-11-19,FRS_Male_Football_20251119,Republic of Ireland,IRL,63,62,-1,1409.02,,,https://si.wikipedia.org/wiki/Module:SportsRankings/data/FIFA_World_Rankings,Manual extraction from ranking module; top 100 only; previous_points and confederation unavailable.
2025-11-19,FRS_Male_Football_20251119,Jordan,JOR,64,66,2,1408.46,,,https://si.wikipedia.org/wiki/Module:SportsRankings/data/FIFA_World_Rankings,Manual extraction from ranking module; top 100 only; previous_points and confederation unavailable.
2025-11-19,FRS_Male_Football_20251119,Albania,ALB,65,61,-4,1402.44,,,https://si.wikipedia.org/wiki/Module:SportsRankings/data/FIFA_World_Rankings,Manual extraction from ranking module; top 100 only; previous_points and confederation unavailable.
2025-11-19,FRS_Male_Football_20251119,North Macedonia,MKD,66,67,1,1375.29,,,https://si.wikipedia.org/wiki/Module:SportsRankings/data/FIFA_World_Rankings,Manual extraction from ranking module; top 100 only; previous_points and confederation unavailable.
2025-11-19,FRS_Male_Football_20251119,United Arab Emirates,UAE,67,65,-2,1368.58,,,https://si.wikipedia.org/wiki/Module:SportsRankings/data/FIFA_World_Rankings,Manual extraction from ranking module; top 100 only; previous_points and confederation unavailable.
2025-11-19,FRS_Male_Football_20251119,Cape Verde,CPV,68,70,2,1365.14,,,https://si.wikipedia.org/wiki/Module:SportsRankings/data/FIFA_World_Rankings,Manual extraction from ranking module; top 100 only; previous_points and confederation unavailable.
2025-11-19,FRS_Male_Football_20251119,Ghana,GHA,69,73,4,1364.2,,,https://si.wikipedia.org/wiki/Module:SportsRankings/data/FIFA_World_Rankings,Manual extraction from ranking module; top 100 only; previous_points and confederation unavailable.
2025-11-19,FRS_Male_Football_20251119,Bosnia and Herzegovina,BIH,70,75,5,1362.17,,,https://si.wikipedia.org/wiki/Module:SportsRankings/data/FIFA_World_Rankings,Manual extraction from ranking module; top 100 only; previous_points and confederation unavailable.
2025-11-19,FRS_Male_Football_20251119,Northern Ireland,NIR,71,69,-2,1359.94,,,https://si.wikipedia.org/wiki/Module:SportsRankings/data/FIFA_World_Rankings,Manual extraction from ranking module; top 100 only; previous_points and confederation unavailable.
2025-11-19,FRS_Male_Football_20251119,Finland,FIN,72,71,-1,1355.26,,,https://si.wikipedia.org/wiki/Module:SportsRankings/data/FIFA_World_Rankings,Manual extraction from ranking module; top 100 only; previous_points and confederation unavailable.
2025-11-19,FRS_Male_Football_20251119,Georgia,GEO,73,70,-3,1352.52,,,https://si.wikipedia.org/wiki/Module:SportsRankings/data/FIFA_World_Rankings,Manual extraction from ranking module; top 100 only; previous_points and confederation unavailable.
2025-11-19,FRS_Male_Football_20251119,Iceland,ISL,74,74,0,1350.94,,,https://si.wikipedia.org/wiki/Module:SportsRankings/data/FIFA_World_Rankings,Manual extraction from ranking module; top 100 only; previous_points and confederation unavailable.
2025-11-19,FRS_Male_Football_20251119,Honduras,HON,75,76,1,1348.54,,,https://si.wikipedia.org/wiki/Module:SportsRankings/data/FIFA_World_Rankings,Manual extraction from ranking module; top 100 only; previous_points and confederation unavailable.
2025-11-19,FRS_Male_Football_20251119,Guinea,GUI,76,77,1,1345.3,,,https://si.wikipedia.org/wiki/Module:SportsRankings/data/FIFA_World_Rankings,Manual extraction from ranking module; top 100 only; previous_points and confederation unavailable.
2025-11-19,FRS_Male_Football_20251119,Oman,OMA,77,79,2,1333.1,,,https://si.wikipedia.org/wiki/Module:SportsRankings/data/FIFA_World_Rankings,Manual extraction from ranking module; top 100 only; previous_points and confederation unavailable.
2025-11-19,FRS_Male_Football_20251119,Israel,ISR,78,80,2,1326.13,,,https://si.wikipedia.org/wiki/Module:SportsRankings/data/FIFA_World_Rankings,Manual extraction from ranking module; top 100 only; previous_points and confederation unavailable.
2025-11-19,FRS_Male_Football_20251119,Bahrain,BHR,79,81,2,1316.16,,,https://si.wikipedia.org/wiki/Module:SportsRankings/data/FIFA_World_Rankings,Manual extraction from ranking module; top 100 only; previous_points and confederation unavailable.
2025-11-19,FRS_Male_Football_20251119,Kosovo,KVX,80,84,4,1310.48,,,https://si.wikipedia.org/wiki/Module:SportsRankings/data/FIFA_World_Rankings,Manual extraction from ranking module; top 100 only; previous_points and confederation unavailable.
2025-11-19,FRS_Male_Football_20251119,Haiti,HAI,81,82,1,1307.05,,,https://si.wikipedia.org/wiki/Module:SportsRankings/data/FIFA_World_Rankings,Manual extraction from ranking module; top 100 only; previous_points and confederation unavailable.
2025-11-19,FRS_Male_Football_20251119,Gabon,GAB,82,78,-4,1307.04,,,https://si.wikipedia.org/wiki/Module:SportsRankings/data/FIFA_World_Rankings,Manual extraction from ranking module; top 100 only; previous_points and confederation unavailable.
2025-11-19,FRS_Male_Football_20251119,Bulgaria,BUL,83,86,3,1300.01,,,https://si.wikipedia.org/wiki/Module:SportsRankings/data/FIFA_World_Rankings,Manual extraction from ranking module; top 100 only; previous_points and confederation unavailable.
2025-11-19,FRS_Male_Football_20251119,Curaçao,CUW,84,82,-2,1296.79,,,https://si.wikipedia.org/wiki/Module:SportsRankings/data/FIFA_World_Rankings,Manual extraction from ranking module; top 100 only; previous_points and confederation unavailable.
2025-11-19,FRS_Male_Football_20251119,Uganda,UGA,85,83,-2,1296.45,,,https://si.wikipedia.org/wiki/Module:SportsRankings/data/FIFA_World_Rankings,Manual extraction from ranking module; top 100 only; previous_points and confederation unavailable.
2025-11-19,FRS_Male_Football_20251119,New Zealand,NZL,86,85,-1,1287.89,,,https://si.wikipedia.org/wiki/Module:SportsRankings/data/FIFA_World_Rankings,Manual extraction from ranking module; top 100 only; previous_points and confederation unavailable.
2025-11-19,FRS_Male_Football_20251119,Montenegro,MNE,87,89,2,1272.1,,,https://si.wikipedia.org/wiki/Module:SportsRankings/data/FIFA_World_Rankings,Manual extraction from ranking module; top 100 only; previous_points and confederation unavailable.
2025-11-19,FRS_Male_Football_20251119,Luxembourg,LUX,88,91,3,1269.43,,,https://si.wikipedia.org/wiki/Module:SportsRankings/data/FIFA_World_Rankings,Manual extraction from ranking module; top 100 only; previous_points and confederation unavailable.
2025-11-19,FRS_Male_Football_20251119,Syria,SYR,89,90,1,1265.2,,,https://si.wikipedia.org/wiki/Module:SportsRankings/data/FIFA_World_Rankings,Manual extraction from ranking module; top 100 only; previous_points and confederation unavailable.
2025-11-19,FRS_Male_Football_20251119,Benin,BEN,90,88,-2,1264.29,,,https://si.wikipedia.org/wiki/Module:SportsRankings/data/FIFA_World_Rankings,Manual extraction from ranking module; top 100 only; previous_points and confederation unavailable.
2025-11-19,FRS_Male_Football_20251119,Angola,ANG,91,87,-4,1262.41,,,https://si.wikipedia.org/wiki/Module:SportsRankings/data/FIFA_World_Rankings,Manual extraction from ranking module; top 100 only; previous_points and confederation unavailable.
2025-11-19,FRS_Male_Football_20251119,Zambia,ZAM,92,91,-1,1259.45,,,https://si.wikipedia.org/wiki/Module:SportsRankings/data/FIFA_World_Rankings,Manual extraction from ranking module; top 100 only; previous_points and confederation unavailable.
2025-11-19,FRS_Male_Football_20251119,Bolivia,BOL,93,80,-13,1258.4,,,https://si.wikipedia.org/wiki/Module:SportsRankings/data/FIFA_World_Rankings,Manual extraction from ranking module; top 100 only; previous_points and confederation unavailable.
2025-11-19,FRS_Male_Football_20251119,Palestine,PLE,94,94,0,1248.98,,,https://si.wikipedia.org/wiki/Module:SportsRankings/data/FIFA_World_Rankings,Manual extraction from ranking module; top 100 only; previous_points and confederation unavailable.
2025-11-19,FRS_Male_Football_20251119,Equatorial Guinea,EQG,95,93,-2,1235.24,,,https://si.wikipedia.org/wiki/Module:SportsRankings/data/FIFA_World_Rankings,Manual extraction from ranking module; top 100 only; previous_points and confederation unavailable.
2025-11-19,FRS_Male_Football_20251119,Mozambique,MOZ,96,98,2,1232.58,,,https://si.wikipedia.org/wiki/Module:SportsRankings/data/FIFA_World_Rankings,Manual extraction from ranking module; top 100 only; previous_points and confederation unavailable.
2025-11-19,FRS_Male_Football_20251119,Belarus,BLR,97,100,3,1230.84,,,https://si.wikipedia.org/wiki/Module:SportsRankings/data/FIFA_World_Rankings,Manual extraction from ranking module; top 100 only; previous_points and confederation unavailable.
2025-11-19,FRS_Male_Football_20251119,Armenia,ARM,98,105,7,1229.59,,,https://si.wikipedia.org/wiki/Module:SportsRankings/data/FIFA_World_Rankings,Manual extraction from ranking module; top 100 only; previous_points and confederation unavailable.
2025-11-19,FRS_Male_Football_20251119,Thailand,THA,99,96,-3,1226.73,,,https://si.wikipedia.org/wiki/Module:SportsRankings/data/FIFA_World_Rankings,Manual extraction from ranking module; top 100 only; previous_points and confederation unavailable.
2025-11-19,FRS_Male_Football_20251119,El Salvador,SLV,100,94,-6,1226.65,,,https://si.wikipedia.org/wiki/Module:SportsRankings/data/FIFA_World_Rankings,Manual extraction from ranking module; top 100 only; previous_points and confederation unavailable.
2025-12-22,football_ranking_2025-12-22,Spain,ESP,1,1,0,1877.18,1877,,https://football-ranking.com/fifa-world-rankings?period=22+December+2025,Manual extraction from football-ranking.com page 1; top 50 only.
2025-12-22,football_ranking_2025-12-22,Argentina,ARG,2,2,0,1873.33,1873,,https://football-ranking.com/fifa-world-rankings?period=22+December+2025,Manual extraction from football-ranking.com page 1; top 50 only.
2025-12-22,football_ranking_2025-12-22,France,FRA,3,3,0,1870.0,1870,,https://football-ranking.com/fifa-world-rankings?period=22+December+2025,Manual extraction from football-ranking.com page 1; top 50 only.
2025-12-22,football_ranking_2025-12-22,England,ENG,4,4,0,1834.12,1834,,https://football-ranking.com/fifa-world-rankings?period=22+December+2025,Manual extraction from football-ranking.com page 1; top 50 only.
2025-12-22,football_ranking_2025-12-22,Brazil,BRA,5,5,0,1760.46,1760,,https://football-ranking.com/fifa-world-rankings?period=22+December+2025,Manual extraction from football-ranking.com page 1; top 50 only.
2025-12-22,football_ranking_2025-12-22,Portugal,POR,6,6,0,1760.38,1760,,https://football-ranking.com/fifa-world-rankings?period=22+December+2025,Manual extraction from football-ranking.com page 1; top 50 only.
2025-12-22,football_ranking_2025-12-22,Netherlands,NED,7,7,0,1756.27,1756,,https://football-ranking.com/fifa-world-rankings?period=22+December+2025,Manual extraction from football-ranking.com page 1; top 50 only.
2025-12-22,football_ranking_2025-12-22,Belgium,BEL,8,8,0,1736.38,1736,,https://football-ranking.com/fifa-world-rankings?period=22+December+2025,Manual extraction from football-ranking.com page 1; top 50 only.
2025-12-22,football_ranking_2025-12-22,Germany,GER,9,9,0,1713.3,1713,,https://football-ranking.com/fifa-world-rankings?period=22+December+2025,Manual extraction from football-ranking.com page 1; top 50 only.
2025-12-22,football_ranking_2025-12-22,Croatia,CRO,10,10,0,1710.15,1710,,https://football-ranking.com/fifa-world-rankings?period=22+December+2025,Manual extraction from football-ranking.com page 1; top 50 only.
2025-12-22,football_ranking_2025-12-22,Morocco,MAR,11,11,0,1716.35,1713,,https://football-ranking.com/fifa-world-rankings?period=22+December+2025,Manual extraction from football-ranking.com page 1; top 50 only.
2025-12-22,football_ranking_2025-12-22,Italy,ITA,12,12,0,1702.89,1703,,https://football-ranking.com/fifa-world-rankings?period=22+December+2025,Manual extraction from football-ranking.com page 1; top 50 only.
2025-12-22,football_ranking_2025-12-22,Colombia,COL,13,13,0,1696.53,1697,,https://football-ranking.com/fifa-world-rankings?period=22+December+2025,Manual extraction from football-ranking.com page 1; top 50 only.
2025-12-22,football_ranking_2025-12-22,Senegal,SEN,14,14,0,1683.03,1683,,https://football-ranking.com/fifa-world-rankings?period=22+December+2025,Manual extraction from football-ranking.com page 1; top 50 only.
2025-12-22,football_ranking_2025-12-22,Mexico,MEX,15,15,0,1682.05,1682,,https://football-ranking.com/fifa-world-rankings?period=22+December+2025,Manual extraction from football-ranking.com page 1; top 50 only.
2025-12-22,football_ranking_2025-12-22,Uruguay,URU,16,16,0,1677.6,1678,,https://football-ranking.com/fifa-world-rankings?period=22+December+2025,Manual extraction from football-ranking.com page 1; top 50 only.
2025-12-22,football_ranking_2025-12-22,United States,USA,17,17,0,1671.26,1671,,https://football-ranking.com/fifa-world-rankings?period=22+December+2025,Manual extraction from football-ranking.com page 1; top 50 only.
2025-12-22,football_ranking_2025-12-22,Switzerland,SUI,18,18,0,1654.64,1655,,https://football-ranking.com/fifa-world-rankings?period=22+December+2025,Manual extraction from football-ranking.com page 1; top 50 only.
2025-12-22,football_ranking_2025-12-22,Japan,JPN,19,19,0,1645.66,1646,,https://football-ranking.com/fifa-world-rankings?period=22+December+2025,Manual extraction from football-ranking.com page 1; top 50 only.
2025-12-22,football_ranking_2025-12-22,Denmark,DEN,20,20,0,1625.96,1626,,https://football-ranking.com/fifa-world-rankings?period=22+December+2025,Manual extraction from football-ranking.com page 1; top 50 only.
2025-12-22,football_ranking_2025-12-22,Iran,IRN,21,21,0,1618.71,1619,,https://football-ranking.com/fifa-world-rankings?period=22+December+2025,Manual extraction from football-ranking.com page 1; top 50 only.
2025-12-22,football_ranking_2025-12-22,Austria,AUT,22,22,0,1598.57,1599,,https://football-ranking.com/fifa-world-rankings?period=22+December+2025,Manual extraction from football-ranking.com page 1; top 50 only.
2025-12-22,football_ranking_2025-12-22,South Korea,KOR,23,23,0,1593.33,1593,,https://football-ranking.com/fifa-world-rankings?period=22+December+2025,Manual extraction from football-ranking.com page 1; top 50 only.
2025-12-22,football_ranking_2025-12-22,Ecuador,ECU,24,24,0,1589.72,1590,,https://football-ranking.com/fifa-world-rankings?period=22+December+2025,Manual extraction from football-ranking.com page 1; top 50 only.
2025-12-22,football_ranking_2025-12-22,Australia,AUS,25,25,0,1549.07,1549,,https://football-ranking.com/fifa-world-rankings?period=22+December+2025,Manual extraction from football-ranking.com page 1; top 50 only.
2025-12-22,football_ranking_2025-12-22,Norway,NOR,26,26,0,1539.43,1539,,https://football-ranking.com/fifa-world-rankings?period=22+December+2025,Manual extraction from football-ranking.com page 1; top 50 only.
2025-12-22,football_ranking_2025-12-22,Turkey,TUR,27,27,0,1537.89,1538,,https://football-ranking.com/fifa-world-rankings?period=22+December+2025,Manual extraction from football-ranking.com page 1; top 50 only.
2025-12-22,football_ranking_2025-12-22,Canada,CAN,28,28,0,1537.27,1537,,https://football-ranking.com/fifa-world-rankings?period=22+December+2025,Manual extraction from football-ranking.com page 1; top 50 only.
2025-12-22,football_ranking_2025-12-22,Paraguay,PAR,29,29,0,1526.83,1527,,https://football-ranking.com/fifa-world-rankings?period=22+December+2025,Manual extraction from football-ranking.com page 1; top 50 only.
2025-12-22,football_ranking_2025-12-22,Ukraine,UKR,30,30,0,1526.3,1526,,https://football-ranking.com/fifa-world-rankings?period=22+December+2025,Manual extraction from football-ranking.com page 1; top 50 only.
2025-12-22,football_ranking_2025-12-22,Sweden,SWE,31,31,0,1522.19,1522,,https://football-ranking.com/fifa-world-rankings?period=22+December+2025,Manual extraction from football-ranking.com page 1; top 50 only.
2025-12-22,football_ranking_2025-12-22,Wales,WAL,32,32,0,1521.72,1522,,https://football-ranking.com/fifa-world-rankings?period=22+December+2025,Manual extraction from football-ranking.com page 1; top 50 only.
2025-12-22,football_ranking_2025-12-22,Panama,PAN,33,33,0,1514.03,1514,,https://football-ranking.com/fifa-world-rankings?period=22+December+2025,Manual extraction from football-ranking.com page 1; top 50 only.
2025-12-22,football_ranking_2025-12-22,Algeria,ALG,34,35,1,1513.28,1508,,https://football-ranking.com/fifa-world-rankings?period=22+December+2025,Manual extraction from football-ranking.com page 1; top 50 only.
2025-12-22,football_ranking_2025-12-22,Egypt,EGY,35,34,-1,1508.98,1509,,https://football-ranking.com/fifa-world-rankings?period=22+December+2025,Manual extraction from football-ranking.com page 1; top 50 only.
2025-12-22,football_ranking_2025-12-22,Czechia,CZE,36,36,0,1506.15,1506,,https://football-ranking.com/fifa-world-rankings?period=22+December+2025,Manual extraction from football-ranking.com page 1; top 50 only.
2025-12-22,football_ranking_2025-12-22,Serbia,SRB,37,37,0,1500.61,1501,,https://football-ranking.com/fifa-world-rankings?period=22+December+2025,Manual extraction from football-ranking.com page 1; top 50 only.
2025-12-22,football_ranking_2025-12-22,Russia,RUS,38,39,1,1496.64,1494,,https://football-ranking.com/fifa-world-rankings?period=22+December+2025,Manual extraction from football-ranking.com page 1; top 50 only.
2025-12-22,football_ranking_2025-12-22,Poland,POL,39,38,-1,1496.47,1496,,https://football-ranking.com/fifa-world-rankings?period=22+December+2025,Manual extraction from football-ranking.com page 1; top 50 only.
2025-12-22,football_ranking_2025-12-22,Hungary,HUN,40,41,1,1495.53,1487,,https://football-ranking.com/fifa-world-rankings?period=22+December+2025,Manual extraction from football-ranking.com page 1; top 50 only.
2025-12-22,football_ranking_2025-12-22,Tunisia,TUN,41,40,-1,1491.81,1492,,https://football-ranking.com/fifa-world-rankings?period=22+December+2025,Manual extraction from football-ranking.com page 1; top 50 only.
2025-12-22,football_ranking_2025-12-22,Scotland,SCO,42,42,0,1478.14,1478,,https://football-ranking.com/fifa-world-rankings?period=22+December+2025,Manual extraction from football-ranking.com page 1; top 50 only.
2025-12-22,football_ranking_2025-12-22,Slovakia,SVK,43,43,0,1473.42,1473,,https://football-ranking.com/fifa-world-rankings?period=22+December+2025,Manual extraction from football-ranking.com page 1; top 50 only.
2025-12-22,football_ranking_2025-12-22,Greece,GRE,44,44,0,1463.74,1464,,https://football-ranking.com/fifa-world-rankings?period=22+December+2025,Manual extraction from football-ranking.com page 1; top 50 only.
2025-12-22,football_ranking_2025-12-22,Nigeria,NGA,45,45,0,1463.1,1463,,https://football-ranking.com/fifa-world-rankings?period=22+December+2025,Manual extraction from football-ranking.com page 1; top 50 only.
2025-12-22,football_ranking_2025-12-22,Cameroon,CMR,46,46,0,1462.25,1462,,https://football-ranking.com/fifa-world-rankings?period=22+December+2025,Manual extraction from football-ranking.com page 1; top 50 only.
2025-12-22,football_ranking_2025-12-22,Côte d'Ivoire,CIV,47,47,0,1460.96,1461,,https://football-ranking.com/fifa-world-rankings?period=22+December+2025,Manual extraction from football-ranking.com page 1; top 50 only.
2025-12-22,football_ranking_2025-12-22,Romania,ROU,48,48,0,1458.68,1459,,https://football-ranking.com/fifa-world-rankings?period=22+December+2025,Manual extraction from football-ranking.com page 1; top 50 only.
2025-12-22,football_ranking_2025-12-22,Venezuela,VEN,49,49,0,1453.35,1453,,https://football-ranking.com/fifa-world-rankings?period=22+December+2025,Manual extraction from football-ranking.com page 1; top 50 only.
2025-12-22,football_ranking_2025-12-22,Mali,MLI,50,50,0,1452.54,1453,,https://football-ranking.com/fifa-world-rankings?period=22+December+2025,Manual extraction from football-ranking.com page 1; top 50 only.
2026-04-01,FRS_Male_Football_20260401,France,FRA,1,3,2,1877.32,,,https://en.wikipedia.org/wiki/Module:SportsRankings/data/FIFA_World_Rankings,Manual extraction from ranking module; top 100 only; previous_points and confederation unavailable.
2026-04-01,FRS_Male_Football_20260401,Spain,ESP,2,1,-1,1876.4,,,https://en.wikipedia.org/wiki/Module:SportsRankings/data/FIFA_World_Rankings,Manual extraction from ranking module; top 100 only; previous_points and confederation unavailable.
2026-04-01,FRS_Male_Football_20260401,Argentina,ARG,3,2,-1,1874.81,,,https://en.wikipedia.org/wiki/Module:SportsRankings/data/FIFA_World_Rankings,Manual extraction from ranking module; top 100 only; previous_points and confederation unavailable.
2026-04-01,FRS_Male_Football_20260401,England,ENG,4,4,0,1833.92,,,https://en.wikipedia.org/wiki/Module:SportsRankings/data/FIFA_World_Rankings,Manual extraction from ranking module; top 100 only; previous_points and confederation unavailable.
2026-04-01,FRS_Male_Football_20260401,Brazil,BRA,5,5,0,1761.6,,,https://en.wikipedia.org/wiki/Module:SportsRankings/data/FIFA_World_Rankings,Manual extraction from ranking module; top 100 only; previous_points and confederation unavailable.
2026-04-01,FRS_Male_Football_20260401,Portugal,POR,6,6,0,1760.07,,,https://en.wikipedia.org/wiki/Module:SportsRankings/data/FIFA_World_Rankings,Manual extraction from ranking module; top 100 only; previous_points and confederation unavailable.
2026-04-01,FRS_Male_Football_20260401,Netherlands,NED,7,7,0,1754.17,,,https://en.wikipedia.org/wiki/Module:SportsRankings/data/FIFA_World_Rankings,Manual extraction from ranking module; top 100 only; previous_points and confederation unavailable.
2026-04-01,FRS_Male_Football_20260401,Belgium,BEL,8,9,1,1739.54,,,https://en.wikipedia.org/wiki/Module:SportsRankings/data/FIFA_World_Rankings,Manual extraction from ranking module; top 100 only; previous_points and confederation unavailable.
2026-04-01,FRS_Male_Football_20260401,Croatia,CRO,9,10,1,1714.2,,,https://en.wikipedia.org/wiki/Module:SportsRankings/data/FIFA_World_Rankings,Manual extraction from ranking module; top 100 only; previous_points and confederation unavailable.
2026-04-01,FRS_Male_Football_20260401,Italy,ITA,10,12,2,1710.06,,,https://en.wikipedia.org/wiki/Module:SportsRankings/data/FIFA_World_Rankings,Manual extraction from ranking module; top 100 only; previous_points and confederation unavailable.
2026-04-01,FRS_Male_Football_20260401,Germany,GER,11,9,-2,1709.61,,,https://en.wikipedia.org/wiki/Module:SportsRankings/data/FIFA_World_Rankings,Manual extraction from ranking module; top 100 only; previous_points and confederation unavailable.
2026-04-01,FRS_Male_Football_20260401,Colombia,COL,12,13,1,1692.92,,,https://en.wikipedia.org/wiki/Module:SportsRankings/data/FIFA_World_Rankings,Manual extraction from ranking module; top 100 only; previous_points and confederation unavailable.
2026-04-01,FRS_Male_Football_20260401,Morocco,MAR,13,8,-5,1691.42,,,https://en.wikipedia.org/wiki/Module:SportsRankings/data/FIFA_World_Rankings,Manual extraction from ranking module; top 100 only; previous_points and confederation unavailable.
2026-04-01,FRS_Male_Football_20260401,Mexico,MEX,14,15,1,1689.5,,,https://en.wikipedia.org/wiki/Module:SportsRankings/data/FIFA_World_Rankings,Manual extraction from ranking module; top 100 only; previous_points and confederation unavailable.
2026-04-01,FRS_Male_Football_20260401,Uruguay,URU,15,16,1,1679.78,,,https://en.wikipedia.org/wiki/Module:SportsRankings/data/FIFA_World_Rankings,Manual extraction from ranking module; top 100 only; previous_points and confederation unavailable.
2026-04-01,FRS_Male_Football_20260401,United States,USA,16,14,-2,1678.62,,,https://en.wikipedia.org/wiki/Module:SportsRankings/data/FIFA_World_Rankings,Manual extraction from ranking module; top 100 only; previous_points and confederation unavailable.
2026-04-01,FRS_Male_Football_20260401,Senegal,SEN,17,19,2,1664.68,,,https://en.wikipedia.org/wiki/Module:SportsRankings/data/FIFA_World_Rankings,Manual extraction from ranking module; top 100 only; previous_points and confederation unavailable.
2026-04-01,FRS_Male_Football_20260401,Japan,JPN,18,17,-1,1649.64,,,https://en.wikipedia.org/wiki/Module:SportsRankings/data/FIFA_World_Rankings,Manual extraction from ranking module; top 100 only; previous_points and confederation unavailable.
2026-04-01,FRS_Male_Football_20260401,Switzerland,SUI,19,18,-1,1645.65,,,https://en.wikipedia.org/wiki/Module:SportsRankings/data/FIFA_World_Rankings,Manual extraction from ranking module; top 100 only; previous_points and confederation unavailable.
2026-04-01,FRS_Male_Football_20260401,Iran,IRN,20,20,0,1618.52,,,https://en.wikipedia.org/wiki/Module:SportsRankings/data/FIFA_World_Rankings,Manual extraction from ranking module; top 100 only; previous_points and confederation unavailable.
2026-04-01,FRS_Male_Football_20260401,Denmark,DEN,21,21,0,1603.18,,,https://en.wikipedia.org/wiki/Module:SportsRankings/data/FIFA_World_Rankings,Manual extraction from ranking module; top 100 only; previous_points and confederation unavailable.
2026-04-01,FRS_Male_Football_20260401,Austria,AUT,22,22,0,1589.97,,,https://en.wikipedia.org/wiki/Module:SportsRankings/data/FIFA_World_Rankings,Manual extraction from ranking module; top 100 only; previous_points and confederation unavailable.
2026-04-01,FRS_Male_Football_20260401,Ecuador,ECU,23,24,1,1587.68,,,https://en.wikipedia.org/wiki/Module:SportsRankings/data/FIFA_World_Rankings,Manual extraction from ranking module; top 100 only; previous_points and confederation unavailable.
2026-04-01,FRS_Male_Football_20260401,South Korea,KOR,24,23,-1,1585.45,,,https://en.wikipedia.org/wiki/Module:SportsRankings/data/FIFA_World_Rankings,Manual extraction from ranking module; top 100 only; previous_points and confederation unavailable.
2026-04-01,FRS_Male_Football_20260401,Ukraine,UKR,25,28,3,1557.91,,,https://en.wikipedia.org/wiki/Module:SportsRankings/data/FIFA_World_Rankings,Manual extraction from ranking module; top 100 only; previous_points and confederation unavailable.
2026-04-01,FRS_Male_Football_20260401,Canada,CAN,26,25,-1,1553.36,,,https://en.wikipedia.org/wiki/Module:SportsRankings/data/FIFA_World_Rankings,Manual extraction from ranking module; top 100 only; previous_points and confederation unavailable.
2026-04-01,FRS_Male_Football_20260401,Panama,PAN,27,30,3,1534.23,,,https://en.wikipedia.org/wiki/Module:SportsRankings/data/FIFA_World_Rankings,Manual extraction from ranking module; top 100 only; previous_points and confederation unavailable.
2026-04-01,FRS_Male_Football_20260401,Turkey,TUR,28,27,-1,1533.95,,,https://en.wikipedia.org/wiki/Module:SportsRankings/data/FIFA_World_Rankings,Manual extraction from ranking module; top 100 only; previous_points and confederation unavailable.
2026-04-01,FRS_Male_Football_20260401,Serbia,SRB,29,33,4,1523.94,,,https://en.wikipedia.org/wiki/Module:SportsRankings/data/FIFA_World_Rankings,Manual extraction from ranking module; top 100 only; previous_points and confederation unavailable.
2026-04-01,FRS_Male_Football_20260401,Wales,WAL,30,29,-1,1516.17,,,https://en.wikipedia.org/wiki/Module:SportsRankings/data/FIFA_World_Rankings,Manual extraction from ranking module; top 100 only; previous_points and confederation unavailable.
2026-04-01,FRS_Male_Football_20260401,Australia,AUS,31,26,-5,1514.72,,,https://en.wikipedia.org/wiki/Module:SportsRankings/data/FIFA_World_Rankings,Manual extraction from ranking module; top 100 only; previous_points and confederation unavailable.
2026-04-01,FRS_Male_Football_20260401,Sweden,SWE,32,31,-1,1512.99,,,https://en.wikipedia.org/wiki/Module:SportsRankings/data/FIFA_World_Rankings,Manual extraction from ranking module; top 100 only; previous_points and confederation unavailable.
2026-04-01,FRS_Male_Football_20260401,Norway,NOR,33,34,1,1512.33,,,https://en.wikipedia.org/wiki/Module:SportsRankings/data/FIFA_World_Rankings,Manual extraction from ranking module; top 100 only; previous_points and confederation unavailable.
2026-04-01,FRS_Male_Football_20260401,Paraguay,PAR,34,39,5,1509.33,,,https://en.wikipedia.org/wiki/Module:SportsRankings/data/FIFA_World_Rankings,Manual extraction from ranking module; top 100 only; previous_points and confederation unavailable.
2026-04-01,FRS_Male_Football_20260401,Egypt,EGY,35,32,-3,1505.21,,,https://en.wikipedia.org/wiki/Module:SportsRankings/data/FIFA_World_Rankings,Manual extraction from ranking module; top 100 only; previous_points and confederation unavailable.
2026-04-01,FRS_Male_Football_20260401,Algeria,ALG,36,37,1,1504.59,,,https://en.wikipedia.org/wiki/Module:SportsRankings/data/FIFA_World_Rankings,Manual extraction from ranking module; top 100 only; previous_points and confederation unavailable.
2026-04-01,FRS_Male_Football_20260401,Hungary,HUN,37,41,4,1497.87,,,https://en.wikipedia.org/wiki/Module:SportsRankings/data/FIFA_World_Rankings,Manual extraction from ranking module; top 100 only; previous_points and confederation unavailable.
2026-04-01,FRS_Male_Football_20260401,Poland,POL,38,35,-3,1496.22,,,https://en.wikipedia.org/wiki/Module:SportsRankings/data/FIFA_World_Rankings,Manual extraction from ranking module; top 100 only; previous_points and confederation unavailable.
2026-04-01,FRS_Male_Football_20260401,Russia,RUS,39,38,-1,1495.53,,,https://en.wikipedia.org/wiki/Module:SportsRankings/data/FIFA_World_Rankings,Manual extraction from ranking module; top 100 only; previous_points and confederation unavailable.
2026-04-01,FRS_Male_Football_20260401,Scotland,SCO,40,45,5,1493.8,,,https://en.wikipedia.org/wiki/Module:SportsRankings/data/FIFA_World_Rankings,Manual extraction from ranking module; top 100 only; previous_points and confederation unavailable.
2026-04-01,FRS_Male_Football_20260401,Slovakia,SVK,41,36,-5,1488.96,,,https://en.wikipedia.org/wiki/Module:SportsRankings/data/FIFA_World_Rankings,Manual extraction from ranking module; top 100 only; previous_points and confederation unavailable.
2026-04-01,FRS_Male_Football_20260401,Czech Republic,CZE,42,40,-2,1484.72,,,https://en.wikipedia.org/wiki/Module:SportsRankings/data/FIFA_World_Rankings,Manual extraction from ranking module; top 100 only; previous_points and confederation unavailable.
2026-04-01,FRS_Male_Football_20260401,Greece,GRE,43,42,-1,1482.82,,,https://en.wikipedia.org/wiki/Module:SportsRankings/data/FIFA_World_Rankings,Manual extraction from ranking module; top 100 only; previous_points and confederation unavailable.
2026-04-01,FRS_Male_Football_20260401,Romania,ROU,44,43,-1,1481.4,,,https://en.wikipedia.org/wiki/Module:SportsRankings/data/FIFA_World_Rankings,Manual extraction from ranking module; top 100 only; previous_points and confederation unavailable.
2026-04-01,FRS_Male_Football_20260401,Tunisia,TUN,45,46,1,1478.04,,,https://en.wikipedia.org/wiki/Module:SportsRankings/data/FIFA_World_Rankings,Manual extraction from ranking module; top 100 only; previous_points and confederation unavailable.
2026-04-01,FRS_Male_Football_20260401,Côte d'Ivoire,CIV,46,44,-2,1477.02,,,https://en.wikipedia.org/wiki/Module:SportsRankings/data/FIFA_World_Rankings,Manual extraction from ranking module; top 100 only; previous_points and confederation unavailable.
2026-04-01,FRS_Male_Football_20260401,Nigeria,NGA,47,47,0,1467.25,,,https://en.wikipedia.org/wiki/Module:SportsRankings/data/FIFA_World_Rankings,Manual extraction from ranking module; top 100 only; previous_points and confederation unavailable.
2026-04-01,FRS_Male_Football_20260401,Venezuela,VEN,48,48,0,1466.26,,,https://en.wikipedia.org/wiki/Module:SportsRankings/data/FIFA_World_Rankings,Manual extraction from ranking module; top 100 only; previous_points and confederation unavailable.
2026-04-01,FRS_Male_Football_20260401,Costa Rica,CRC,49,48,-1,1451.75,,,https://en.wikipedia.org/wiki/Module:SportsRankings/data/FIFA_World_Rankings,Manual extraction from ranking module; top 100 only; previous_points and confederation unavailable.
2026-04-01,FRS_Male_Football_20260401,Cameroon,CMR,50,51,1,1450.14,,,https://en.wikipedia.org/wiki/Module:SportsRankings/data/FIFA_World_Rankings,Manual extraction from ranking module; top 100 only; previous_points and confederation unavailable.
2026-04-01,FRS_Male_Football_20260401,Chile,CHI,51,50,-1,1449.89,,,https://en.wikipedia.org/wiki/Module:SportsRankings/data/FIFA_World_Rankings,Manual extraction from ranking module; top 100 only; previous_points and confederation unavailable.
2026-04-01,FRS_Male_Football_20260401,Mali,MLI,52,53,1,1446.1,,,https://en.wikipedia.org/wiki/Module:SportsRankings/data/FIFA_World_Rankings,Manual extraction from ranking module; top 100 only; previous_points and confederation unavailable.
2026-04-01,FRS_Male_Football_20260401,Qatar,QAT,53,52,-1,1444.49,,,https://en.wikipedia.org/wiki/Module:SportsRankings/data/FIFA_World_Rankings,Manual extraction from ranking module; top 100 only; previous_points and confederation unavailable.
2026-04-01,FRS_Male_Football_20260401,Slovenia,SVN,54,54,0,1437.37,,,https://en.wikipedia.org/wiki/Module:SportsRankings/data/FIFA_World_Rankings,Manual extraction from ranking module; top 100 only; previous_points and confederation unavailable.
2026-04-01,FRS_Male_Football_20260401,Peru,PER,55,57,2,1434.73,,,https://en.wikipedia.org/wiki/Module:SportsRankings/data/FIFA_World_Rankings,Manual extraction from ranking module; top 100 only; previous_points and confederation unavailable.
2026-04-01,FRS_Male_Football_20260401,Uzbekistan,UZB,56,58,2,1433.78,,,https://en.wikipedia.org/wiki/Module:SportsRankings/data/FIFA_World_Rankings,Manual extraction from ranking module; top 100 only; previous_points and confederation unavailable.
2026-04-01,FRS_Male_Football_20260401,Saudi Arabia,KSA,57,59,2,1427.41,,,https://en.wikipedia.org/wiki/Module:SportsRankings/data/FIFA_World_Rankings,Manual extraction from ranking module; top 100 only; previous_points and confederation unavailable.
2026-04-01,FRS_Male_Football_20260401,Republic of Ireland,IRL,58,60,2,1419.62,,,https://en.wikipedia.org/wiki/Module:SportsRankings/data/FIFA_World_Rankings,Manual extraction from ranking module; top 100 only; previous_points and confederation unavailable.
2026-04-01,FRS_Male_Football_20260401,South Africa,RSA,59,56,-3,1416.66,,,https://en.wikipedia.org/wiki/Module:SportsRankings/data/FIFA_World_Rankings,Manual extraction from ranking module; top 100 only; previous_points and confederation unavailable.
2026-04-01,FRS_Male_Football_20260401,Iraq,IRQ,60,55,-5,1414.37,,,https://en.wikipedia.org/wiki/Module:SportsRankings/data/FIFA_World_Rankings,Manual extraction from ranking module; top 100 only; previous_points and confederation unavailable.
2026-04-01,FRS_Male_Football_20260401,DR Congo,COD,61,61,0,1413.65,,,https://en.wikipedia.org/wiki/Module:SportsRankings/data/FIFA_World_Rankings,Manual extraction from ranking module; top 100 only; previous_points and confederation unavailable.
2026-04-01,FRS_Male_Football_20260401,Jamaica,JAM,62,63,1,1406.96,,,https://en.wikipedia.org/wiki/Module:SportsRankings/data/FIFA_World_Rankings,Manual extraction from ranking module; top 100 only; previous_points and confederation unavailable.
2026-04-01,FRS_Male_Football_20260401,Jordan,JOR,63,63,0,1406.18,,,https://en.wikipedia.org/wiki/Module:SportsRankings/data/FIFA_World_Rankings,Manual extraction from ranking module; top 100 only; previous_points and confederation unavailable.
2026-04-01,FRS_Male_Football_20260401,Albania,ALB,64,65,1,1382.1,,,https://en.wikipedia.org/wiki/Module:SportsRankings/data/FIFA_World_Rankings,Manual extraction from ranking module; top 100 only; previous_points and confederation unavailable.
2026-04-01,FRS_Male_Football_20260401,Burkina Faso,BFA,65,64,-1,1381.39,,,https://en.wikipedia.org/wiki/Module:SportsRankings/data/FIFA_World_Rankings,Manual extraction from ranking module; top 100 only; previous_points and confederation unavailable.
2026-04-01,FRS_Male_Football_20260401,United Arab Emirates,UAE,66,66,0,1375.17,,,https://en.wikipedia.org/wiki/Module:SportsRankings/data/FIFA_World_Rankings,Manual extraction from ranking module; top 100 only; previous_points and confederation unavailable.
2026-04-01,FRS_Male_Football_20260401,North Macedonia,MKD,67,67,0,1370.64,,,https://en.wikipedia.org/wiki/Module:SportsRankings/data/FIFA_World_Rankings,Manual extraction from ranking module; top 100 only; previous_points and confederation unavailable.
2026-04-01,FRS_Male_Football_20260401,Georgia,GEO,68,68,0,1367.68,,,https://en.wikipedia.org/wiki/Module:SportsRankings/data/FIFA_World_Rankings,Manual extraction from ranking module; top 100 only; previous_points and confederation unavailable.
2026-04-01,FRS_Male_Football_20260401,Cape Verde,CPV,69,69,0,1365.36,,,https://en.wikipedia.org/wiki/Module:SportsRankings/data/FIFA_World_Rankings,Manual extraction from ranking module; top 100 only; previous_points and confederation unavailable.
2026-04-01,FRS_Male_Football_20260401,Northern Ireland,NIR,70,71,1,1364.56,,,https://en.wikipedia.org/wiki/Module:SportsRankings/data/FIFA_World_Rankings,Manual extraction from ranking module; top 100 only; previous_points and confederation unavailable.
2026-04-01,FRS_Male_Football_20260401,Bosnia and Herzegovina,BIH,71,70,-1,1361.71,,,https://en.wikipedia.org/wiki/Module:SportsRankings/data/FIFA_World_Rankings,Manual extraction from ranking module; top 100 only; previous_points and confederation unavailable.
2026-04-01,FRS_Male_Football_20260401,Oman,OMA,72,79,7,1349.54,,,https://en.wikipedia.org/wiki/Module:SportsRankings/data/FIFA_World_Rankings,Manual extraction from ranking module; top 100 only; previous_points and confederation unavailable.
2026-04-01,FRS_Male_Football_20260401,Guinea,GUI,73,75,2,1346.69,,,https://en.wikipedia.org/wiki/Module:SportsRankings/data/FIFA_World_Rankings,Manual extraction from ranking module; top 100 only; previous_points and confederation unavailable.
2026-04-01,FRS_Male_Football_20260401,Ghana,GHA,74,72,-2,1346.58,,,https://en.wikipedia.org/wiki/Module:SportsRankings/data/FIFA_World_Rankings,Manual extraction from ranking module; top 100 only; previous_points and confederation unavailable.
2026-04-01,FRS_Male_Football_20260401,Finland,FIN,75,73,-2,1344.73,,,https://en.wikipedia.org/wiki/Module:SportsRankings/data/FIFA_World_Rankings,Manual extraction from ranking module; top 100 only; previous_points and confederation unavailable.
2026-04-01,FRS_Male_Football_20260401,Iceland,ISL,76,74,-2,1344.51,,,https://en.wikipedia.org/wiki/Module:SportsRankings/data/FIFA_World_Rankings,Manual extraction from ranking module; top 100 only; previous_points and confederation unavailable.
2026-04-01,FRS_Male_Football_20260401,Honduras,HON,77,76,-1,1341.72,,,https://en.wikipedia.org/wiki/Module:SportsRankings/data/FIFA_World_Rankings,Manual extraction from ranking module; top 100 only; previous_points and confederation unavailable.
2026-04-01,FRS_Male_Football_20260401,Bahrain,BHR,78,81,3,1327.92,,,https://en.wikipedia.org/wiki/Module:SportsRankings/data/FIFA_World_Rankings,Manual extraction from ranking module; top 100 only; previous_points and confederation unavailable.
2026-04-01,FRS_Male_Football_20260401,Israel,ISR,79,77,-2,1327.1,,,https://en.wikipedia.org/wiki/Module:SportsRankings/data/FIFA_World_Rankings,Manual extraction from ranking module; top 100 only; previous_points and confederation unavailable.
2026-04-01,FRS_Male_Football_20260401,Haiti,HAI,80,84,4,1318.79,,,https://en.wikipedia.org/wiki/Module:SportsRankings/data/FIFA_World_Rankings,Manual extraction from ranking module; top 100 only; previous_points and confederation unavailable.
2026-04-01,FRS_Male_Football_20260401,New Zealand,NZL,81,89,8,1304.6,,,https://en.wikipedia.org/wiki/Module:SportsRankings/data/FIFA_World_Rankings,Manual extraction from ranking module; top 100 only; previous_points and confederation unavailable.
2026-04-01,FRS_Male_Football_20260401,Bolivia,BOL,82,78,-4,1301.6,,,https://en.wikipedia.org/wiki/Module:SportsRankings/data/FIFA_World_Rankings,Manual extraction from ranking module; top 100 only; previous_points and confederation unavailable.
2026-04-01,FRS_Male_Football_20260401,Kosovo,KVX,83,80,-3,1300.13,,,https://en.wikipedia.org/wiki/Module:SportsRankings/data/FIFA_World_Rankings,Manual extraction from ranking module; top 100 only; previous_points and confederation unavailable.
2026-04-01,FRS_Male_Football_20260401,Angola,ANG,84,85,1,1297.92,,,https://en.wikipedia.org/wiki/Module:SportsRankings/data/FIFA_World_Rankings,Manual extraction from ranking module; top 100 only; previous_points and confederation unavailable.
2026-04-01,FRS_Male_Football_20260401,Montenegro,MNE,85,89,4,1297.09,,,https://en.wikipedia.org/wiki/Module:SportsRankings/data/FIFA_World_Rankings,Manual extraction from ranking module; top 100 only; previous_points and confederation unavailable.
2026-04-01,FRS_Male_Football_20260401,Bulgaria,BUL,86,83,-3,1293.11,,,https://en.wikipedia.org/wiki/Module:SportsRankings/data/FIFA_World_Rankings,Manual extraction from ranking module; top 100 only; previous_points and confederation unavailable.
2026-04-01,FRS_Male_Football_20260401,Uganda,UGA,87,86,-1,1291.33,,,https://en.wikipedia.org/wiki/Module:SportsRankings/data/FIFA_World_Rankings,Manual extraction from ranking module; top 100 only; previous_points and confederation unavailable.
2026-04-01,FRS_Male_Football_20260401,Gabon,GAB,88,87,-1,1286.65,,,https://en.wikipedia.org/wiki/Module:SportsRankings/data/FIFA_World_Rankings,Manual extraction from ranking module; top 100 only; previous_points and confederation unavailable.
2026-04-01,FRS_Male_Football_20260401,Curaçao,CUW,89,82,-7,1285.76,,,https://en.wikipedia.org/wiki/Module:SportsRankings/data/FIFA_World_Rankings,Manual extraction from ranking module; top 100 only; previous_points and confederation unavailable.
2026-04-01,FRS_Male_Football_20260401,Syria,SYR,90,88,-2,1277.23,,,https://en.wikipedia.org/wiki/Module:SportsRankings/data/FIFA_World_Rankings,Manual extraction from ranking module; top 100 only; previous_points and confederation unavailable.
2026-04-01,FRS_Male_Football_20260401,Equatorial Guinea,EQG,91,92,1,1273.81,,,https://en.wikipedia.org/wiki/Module:SportsRankings/data/FIFA_World_Rankings,Manual extraction from ranking module; top 100 only; previous_points and confederation unavailable.
2026-04-01,FRS_Male_Football_20260401,Luxembourg,LUX,92,91,-1,1269.65,,,https://en.wikipedia.org/wiki/Module:SportsRankings/data/FIFA_World_Rankings,Manual extraction from ranking module; top 100 only; previous_points and confederation unavailable.
2026-04-01,FRS_Male_Football_20260401,Zambia,ZAM,93,90,-3,1267.85,,,https://en.wikipedia.org/wiki/Module:SportsRankings/data/FIFA_World_Rankings,Manual extraction from ranking module; top 100 only; previous_points and confederation unavailable.
2026-04-01,FRS_Male_Football_20260401,Benin,BEN,94,93,-1,1263.82,,,https://en.wikipedia.org/wiki/Module:SportsRankings/data/FIFA_World_Rankings,Manual extraction from ranking module; top 100 only; previous_points and confederation unavailable.
2026-04-01,FRS_Male_Football_20260401,Comoros,COM,95,103,8,1261.28,,,https://en.wikipedia.org/wiki/Module:SportsRankings/data/FIFA_World_Rankings,Manual extraction from ranking module; top 100 only; previous_points and confederation unavailable.
2026-04-01,FRS_Male_Football_20260401,Armenia,ARM,96,100,4,1252.87,,,https://en.wikipedia.org/wiki/Module:SportsRankings/data/FIFA_World_Rankings,Manual extraction from ranking module; top 100 only; previous_points and confederation unavailable.
2026-04-01,FRS_Male_Football_20260401,Palestine,PLE,97,95,-2,1248.98,,,https://en.wikipedia.org/wiki/Module:SportsRankings/data/FIFA_World_Rankings,Manual extraction from ranking module; top 100 only; previous_points and confederation unavailable.
2026-04-01,FRS_Male_Football_20260401,Mozambique,MOZ,98,99,1,1233.19,,,https://en.wikipedia.org/wiki/Module:SportsRankings/data/FIFA_World_Rankings,Manual extraction from ranking module; top 100 only; previous_points and confederation unavailable.
2026-04-01,FRS_Male_Football_20260401,El Salvador,SLV,99,98,-1,1225.26,,,https://en.wikipedia.org/wiki/Module:SportsRankings/data/FIFA_World_Rankings,Manual extraction from ranking module; top 100 only; previous_points and confederation unavailable.
2026-04-01,FRS_Male_Football_20260401,Belarus,BLR,100,101,1,1224.44,,,https://en.wikipedia.org/wiki/Module:SportsRankings/data/FIFA_World_Rankings,Manual extraction from ranking module; top 100 only; previous_points and confederation unavailable.
